merged_sample_name,Read1_file,input,filtered,denoised,merged,tabled,nonchim,Sample,Site,Oxygen,Glucose,Label (13C),Hours,TNA ext. Date,TNA ext. batch,PCR date,PCR batch,Sample no.,Fraction no.,Density (old_calc),Control,16S copies,Density (nD-TC),Density (g ml-1),Library size,Density zone
Roey-001-AP3-3_S134,Roey-001-AP3-3_S134_L001_R1_001_noPrimers.fastq.gz,14975,14681,14455,13677,13563,13257,AP3,Plesne,Oxic,Glucose,Labelled,12,11/07/2019,1,05/11/2019,1,3,3,1.83,FALSE,12540.02,1.3742,1.842042838,13276,Heavy
Roey-002-AP3-4_S135,Roey-002-AP3-4_S135_L001_R1_001_noPrimers.fastq.gz,13411,13051,12833,11844,11713,11436,AP3,Plesne,Oxic,Glucose,Labelled,12,11/07/2019,1,05/11/2019,1,3,4,1.825,FALSE,5902.31,1.374,1.835711293,11412,Heavy
Roey-003-AP3-5_S136,Roey-003-AP3-5_S136_L001_R1_001_noPrimers.fastq.gz,24724,24248,23943,22632,22565,20997,AP3,Plesne,Oxic,Glucose,Labelled,12,11/07/2019,1,05/11/2019,1,3,5,1.8225,FALSE,7193.93,1.3739,1.83254552,20993,Heavy
Roey-004-AP3-6_S137,Roey-004-AP3-6_S137_L001_R1_001_noPrimers.fastq.gz,26743,26240,25855,23807,23736,21391,AP3,Plesne,Oxic,Glucose,Labelled,12,11/07/2019,1,05/11/2019,1,3,6,1.8175,FALSE,35693.96,1.3737,1.826213976,21468,Heavy
Roey-005-AP3-7_S138,Roey-005-AP3-7_S138_L001_R1_001_noPrimers.fastq.gz,24061,23580,23141,20664,20618,18671,AP3,Plesne,Oxic,Glucose,Labelled,12,11/07/2019,1,05/11/2019,1,3,7,1.8125,FALSE,57143.17,1.3735,1.819882431,18711,Heavy
Roey-006-AP3-8_S139,Roey-006-AP3-8_S139_L001_R1_001_noPrimers.fastq.gz,27975,27463,26999,24169,24115,21753,AP3,Plesne,Oxic,Glucose,Labelled,12,11/07/2019,1,05/11/2019,1,3,8,1.8075,FALSE,61926.67,1.3733,1.813550886,21836,Heavy
Roey-007-AP3-9_S140,Roey-007-AP3-9_S140_L001_R1_001_noPrimers.fastq.gz,31538,30979,30290,26150,26099,23138,AP3,Plesne,Oxic,Glucose,Labelled,12,11/07/2019,1,05/11/2019,1,3,9,1.8025,FALSE,272136.75,1.3731,1.807219341,23178,Heavy
Roey-008-AP3-10_S141,Roey-008-AP3-10_S141_L001_R1_001_noPrimers.fastq.gz,27521,27037,26541,22494,22462,19632,AP3,Plesne,Oxic,Glucose,Labelled,12,11/07/2019,1,05/11/2019,1,3,10,1.7975,FALSE,869193.19,1.3729,1.800887796,19664,Heavy
Roey-009-AP3-11_S142,Roey-009-AP3-11_S142_L001_R1_001_noPrimers.fastq.gz,32436,31870,31166,26005,25990,21705,AP3,Plesne,Oxic,Glucose,Labelled,12,11/07/2019,1,05/11/2019,1,3,11,1.795,FALSE,1561472.5,1.3728,1.797722024,21750,Heavy
Roey-010-AP3-12_S143,Roey-010-AP3-12_S143_L001_R1_001_noPrimers.fastq.gz,29822,29320,28531,23323,23309,18597,AP3,Plesne,Oxic,Glucose,Labelled,12,11/07/2019,1,05/11/2019,1,3,12,1.79,FALSE,3561393.5,1.3726,1.791390479,18611,Light
Roey-011-AP3-13_S144,Roey-011-AP3-13_S144_L001_R1_001_noPrimers.fastq.gz,28408,27937,27315,23034,23023,19252,AP3,Plesne,Oxic,Glucose,Labelled,12,11/07/2019,1,05/11/2019,1,3,13,1.7875,FALSE,8921456,1.3725,1.788224706,19265,Light
Roey-012-AP3-14_S145,Roey-012-AP3-14_S145_L001_R1_001_noPrimers.fastq.gz,3235,3181,3066,2401,2401,2048,AP3,Plesne,Oxic,Glucose,Labelled,12,11/07/2019,1,05/11/2019,1,3,14,1.7825,FALSE,14190331,1.3723,1.781893161,2048,Light
Roey-013-AP3-15_S146,Roey-013-AP3-15_S146_L001_R1_001_noPrimers.fastq.gz,22960,22335,21813,17855,17836,14887,AP3,Plesne,Oxic,Glucose,Labelled,12,11/07/2019,1,05/11/2019,1,3,15,1.7775,FALSE,487233.84,1.3721,1.775561616,14886,Light
Roey-014-AP3-16_S147,Roey-014-AP3-16_S147_L001_R1_001_noPrimers.fastq.gz,26200,25589,25003,20554,20540,16698,AP3,Plesne,Oxic,Glucose,Labelled,12,11/07/2019,1,05/11/2019,1,3,16,1.7725,FALSE,4443332.5,1.3719,1.769230072,16715,Light
Roey-015-AP3-17_S148,Roey-015-AP3-17_S148_L001_R1_001_noPrimers.fastq.gz,28951,28436,27853,23356,23352,19948,AP3,Plesne,Oxic,Glucose,Labelled,12,11/07/2019,1,05/11/2019,1,3,17,1.7675,FALSE,902327.56,1.3717,1.762898527,19990,Light
Roey-016-AP5-4_S149,Roey-016-AP5-4_S149_L001_R1_001_noPrimers.fastq.gz,26123,25576,25104,22311,22166,19322,AP5,Plesne,Oxic,Glucose,Labelled,24,11/07/2019,1,06/11/2019,2,5,4,1.8275,FALSE,68858.73,1.3741,1.838877065,19332,Heavy
Roey-017-AP5-5_S150,Roey-017-AP5-5_S150_L001_R1_001_noPrimers.fastq.gz,24951,24435,24019,21812,21683,19340,AP5,Plesne,Oxic,Glucose,Labelled,24,11/07/2019,1,06/11/2019,2,5,5,1.82,FALSE,108517.57,1.3738,1.829379748,19403,Heavy
Roey-018-AP5-6_S151,Roey-018-AP5-6_S151_L001_R1_001_noPrimers.fastq.gz,22260,21869,21390,19118,19047,16509,AP5,Plesne,Oxic,Glucose,Labelled,24,11/07/2019,1,06/11/2019,2,5,6,1.8125,FALSE,234132.11,1.3735,1.819882431,16546,Heavy
Roey-019-AP5-7_S152,Roey-019-AP5-7_S152_L001_R1_001_noPrimers.fastq.gz,24752,24182,23683,20336,20276,17451,AP5,Plesne,Oxic,Glucose,Labelled,24,11/07/2019,1,06/11/2019,2,5,7,1.8075,FALSE,478746.5,1.3733,1.813550886,17464,Heavy
Roey-020-AP5-8_S153,Roey-020-AP5-8_S153_L001_R1_001_noPrimers.fastq.gz,23429,23025,22544,19499,19468,16699,AP5,Plesne,Oxic,Glucose,Labelled,24,11/07/2019,1,06/11/2019,2,5,8,1.8025,FALSE,262242.44,1.3731,1.807219341,16752,Heavy
Roey-021-AP5-9_S154,Roey-021-AP5-9_S154_L001_R1_001_noPrimers.fastq.gz,27806,27351,26743,23092,23048,19915,AP5,Plesne,Oxic,Glucose,Labelled,24,11/07/2019,1,06/11/2019,2,5,9,1.8,FALSE,834649.63,1.373,1.804053568,19959,Heavy
Roey-022-AP5-10_S155,Roey-022-AP5-10_S155_L001_R1_001_noPrimers.fastq.gz,18359,18007,17553,14638,14627,12368,AP5,Plesne,Oxic,Glucose,Labelled,24,11/07/2019,1,06/11/2019,2,5,10,1.7975,FALSE,3251908,1.3729,1.800887796,12389,Heavy
Roey-023-AP5-11_S156,Roey-023-AP5-11_S156_L001_R1_001_noPrimers.fastq.gz,29582,29046,28341,23042,23025,18858,AP5,Plesne,Oxic,Glucose,Labelled,24,11/07/2019,1,06/11/2019,2,5,11,1.795,FALSE,9048051,1.3728,1.797722024,18913,Heavy
Roey-024-AP5-12_S157,Roey-024-AP5-12_S157_L001_R1_001_noPrimers.fastq.gz,34067,33345,32672,26438,26427,21837,AP5,Plesne,Oxic,Glucose,Labelled,24,11/07/2019,1,06/11/2019,2,5,12,1.7875,FALSE,3190390.5,1.3725,1.788224706,21844,Light
Roey-025-AP5-13_S158,Roey-025-AP5-13_S158_L001_R1_001_noPrimers.fastq.gz,23962,23532,22658,17455,17453,13610,AP5,Plesne,Oxic,Glucose,Labelled,24,11/07/2019,1,06/11/2019,2,5,13,1.785,FALSE,15302536,1.3724,1.785058934,13632,Light
Roey-026-AP5-14_S159,Roey-026-AP5-14_S159_L001_R1_001_noPrimers.fastq.gz,28713,28192,27337,22079,22076,18141,AP5,Plesne,Oxic,Glucose,Labelled,24,11/07/2019,1,06/11/2019,2,5,14,1.78,FALSE,17950872,1.3722,1.778727389,18159,Light
Roey-027-AP5-15_S160,Roey-027-AP5-15_S160_L001_R1_001_noPrimers.fastq.gz,24742,24326,23785,19357,19353,15991,AP5,Plesne,Oxic,Glucose,Labelled,24,11/07/2019,1,06/11/2019,2,5,15,1.78,FALSE,5593145.5,1.3722,1.778727389,15973,Light
Roey-028-AP5-16_S161,Roey-028-AP5-16_S161_L001_R1_001_noPrimers.fastq.gz,24560,24051,23482,18677,18673,15408,AP5,Plesne,Oxic,Glucose,Labelled,24,11/07/2019,1,06/11/2019,2,5,16,1.775,FALSE,4056214.75,1.372,1.772395844,15416,Light
Roey-029-AP5-17_S162,Roey-029-AP5-17_S162_L001_R1_001_noPrimers.fastq.gz,19979,19594,19109,15603,15599,13288,AP5,Plesne,Oxic,Glucose,Labelled,24,11/07/2019,1,06/11/2019,2,5,17,1.7675,FALSE,3535475,1.3717,1.762898527,13315,Light
Roey-030-AP5-18_S163,Roey-030-AP5-18_S163_L001_R1_001_noPrimers.fastq.gz,16186,15769,15288,11755,11754,9601,AP5,Plesne,Oxic,Glucose,Labelled,24,11/07/2019,1,06/11/2019,2,5,18,1.765,FALSE,849601.63,1.3716,1.759732754,9571,Light
Roey-031-AP7-2_S164,Roey-031-AP7-2_S164_L001_R1_001_noPrimers.fastq.gz,20629,20338,20075,18911,18827,17990,AP7,Plesne,Oxic,Glucose,Labelled,48,12/07/2019,2,07/11/2019,3,7,2,1.8275,FALSE,11138.84,1.3741,1.838877065,18024,Heavy
Roey-032-AP7-3_S165,Roey-032-AP7-3_S165_L001_R1_001_noPrimers.fastq.gz,19485,19121,18725,17046,17006,15875,AP7,Plesne,Oxic,Glucose,Labelled,48,12/07/2019,2,07/11/2019,3,7,3,1.8225,FALSE,68354.38,1.3739,1.83254552,15858,Heavy
Roey-033-AP7-4_S166,Roey-033-AP7-4_S166_L001_R1_001_noPrimers.fastq.gz,25148,24677,24194,21657,21608,19745,AP7,Plesne,Oxic,Glucose,Labelled,48,12/07/2019,2,07/11/2019,3,7,4,1.8175,FALSE,191313.03,1.3737,1.826213976,19771,Heavy
Roey-034-AP7-5_S167,Roey-034-AP7-5_S167_L001_R1_001_noPrimers.fastq.gz,23047,22654,22239,19496,19468,17404,AP7,Plesne,Oxic,Glucose,Labelled,48,12/07/2019,2,07/11/2019,3,7,5,1.8125,FALSE,261182.58,1.3735,1.819882431,17427,Heavy
Roey-035-AP7-6_S168,Roey-035-AP7-6_S168_L001_R1_001_noPrimers.fastq.gz,30422,29884,29253,25233,25195,22099,AP7,Plesne,Oxic,Glucose,Labelled,48,12/07/2019,2,07/11/2019,3,7,6,1.81,FALSE,820930.94,1.3734,1.816716658,22140,Heavy
Roey-036-AP7-7_S169,Roey-036-AP7-7_S169_L001_R1_001_noPrimers.fastq.gz,22980,22567,22087,19345,19324,17287,AP7,Plesne,Oxic,Glucose,Labelled,48,12/07/2019,2,07/11/2019,3,7,7,1.8075,FALSE,264131.88,1.3733,1.813550886,17275,Heavy
Roey-037-AP7-8_S170,Roey-037-AP7-8_S170_L001_R1_001_noPrimers.fastq.gz,20123,19751,19308,16163,16146,14071,AP7,Plesne,Oxic,Glucose,Labelled,48,12/07/2019,2,07/11/2019,3,7,8,1.805,FALSE,1140630.88,1.3732,1.810385113,14078,Heavy
Roey-038-AP7-9_S171,Roey-038-AP7-9_S171_L001_R1_001_noPrimers.fastq.gz,25028,24601,23920,20086,20062,16857,AP7,Plesne,Oxic,Glucose,Labelled,48,12/07/2019,2,07/11/2019,3,7,9,1.8025,FALSE,2051458.13,1.3731,1.807219341,16860,Heavy
Roey-039-AP7-10_S172,Roey-039-AP7-10_S172_L001_R1_001_noPrimers.fastq.gz,23950,23561,23057,19308,19289,16216,AP7,Plesne,Oxic,Glucose,Labelled,48,12/07/2019,2,07/11/2019,3,7,10,1.7975,FALSE,1521799.63,1.3729,1.800887796,16175,Heavy
Roey-040-AP7-11_S173,Roey-040-AP7-11_S173_L001_R1_001_noPrimers.fastq.gz,21831,21450,20938,17274,17266,14371,AP7,Plesne,Oxic,Glucose,Labelled,48,12/07/2019,2,07/11/2019,3,7,11,1.795,FALSE,1647544.75,1.3728,1.797722024,14441,Heavy
Roey-041-AP7-12_S174,Roey-041-AP7-12_S174_L001_R1_001_noPrimers.fastq.gz,23679,23302,22774,19441,19428,16609,AP7,Plesne,Oxic,Glucose,Labelled,48,12/07/2019,2,07/11/2019,3,7,12,1.79,FALSE,609676.75,1.3726,1.791390479,16651,Light
Roey-042-AP7-13_S175,Roey-042-AP7-13_S175_L001_R1_001_noPrimers.fastq.gz,19250,18931,18446,15194,15188,12868,AP7,Plesne,Oxic,Glucose,Labelled,48,12/07/2019,2,07/11/2019,3,7,13,1.7875,FALSE,2013868.5,1.3725,1.788224706,12938,Light
Roey-043-AP7-14_S176,Roey-043-AP7-14_S176_L001_R1_001_noPrimers.fastq.gz,24121,23734,23199,19632,19595,16951,AP7,Plesne,Oxic,Glucose,Labelled,48,12/07/2019,2,07/11/2019,3,7,14,1.7825,FALSE,2132630.5,1.3723,1.781893161,16966,Light
Roey-044-AP7-15_S177,Roey-044-AP7-15_S177_L001_R1_001_noPrimers.fastq.gz,26377,25914,25334,21016,21007,17760,AP7,Plesne,Oxic,Glucose,Labelled,48,12/07/2019,2,07/11/2019,3,7,15,1.7775,FALSE,4150642,1.3721,1.775561616,17812,Light
Roey-045-AP7-16_S178,Roey-045-AP7-16_S178_L001_R1_001_noPrimers.fastq.gz,27350,26870,26213,21915,21905,18618,AP7,Plesne,Oxic,Glucose,Labelled,48,12/07/2019,2,07/11/2019,3,7,16,1.775,FALSE,2366270.75,1.372,1.772395844,18667,Light
Roey-046-AP9-4_S179,Roey-046-AP9-4_S179_L001_R1_001_noPrimers.fastq.gz,21597,21171,20794,19265,18907,17307,AP9,Plesne,Oxic,Glucose,Labelled,72,12/07/2019,2,08/11/2019,4,9,4,1.8325,FALSE,84653.2,1.3743,1.84520861,17405,Heavy
Roey-047-AP9-5_S180,Roey-047-AP9-5_S180_L001_R1_001_noPrimers.fastq.gz,22829,22426,22024,19622,19404,16468,AP9,Plesne,Oxic,Glucose,Labelled,72,12/07/2019,2,08/11/2019,4,9,5,1.825,FALSE,133493.88,1.374,1.835711293,16519,Heavy
Roey-048-AP9-6_S181,Roey-048-AP9-6_S181_L001_R1_001_noPrimers.fastq.gz,32414,31797,31228,27952,27676,23842,AP9,Plesne,Oxic,Glucose,Labelled,72,12/07/2019,2,08/11/2019,4,9,6,1.82,FALSE,299278.59,1.3738,1.829379748,23840,Heavy
Roey-049-AP9-7_S182,Roey-049-AP9-7_S182_L001_R1_001_noPrimers.fastq.gz,18555,18220,17781,15720,15627,13497,AP9,Plesne,Oxic,Glucose,Labelled,72,12/07/2019,2,08/11/2019,4,9,7,1.815,FALSE,375626.84,1.3736,1.823048203,13490,Heavy
Roey-050-AP9-8_S183,Roey-050-AP9-8_S183_L001_R1_001_noPrimers.fastq.gz,22229,21793,21306,18642,18527,15692,AP9,Plesne,Oxic,Glucose,Labelled,72,12/07/2019,2,08/11/2019,4,9,8,1.8075,FALSE,625708.19,1.3733,1.813550886,15731,Heavy
Roey-051-AP9-9_S184,Roey-051-AP9-9_S184_L001_R1_001_noPrimers.fastq.gz,24832,24388,23838,20426,20370,16980,AP9,Plesne,Oxic,Glucose,Labelled,72,12/07/2019,2,08/11/2019,4,9,9,1.8025,FALSE,1474235,1.3731,1.807219341,17041,Heavy
Roey-052-AP9-10_S185,Roey-052-AP9-10_S185_L001_R1_001_noPrimers.fastq.gz,24039,23622,23128,19555,19517,15844,AP9,Plesne,Oxic,Glucose,Labelled,72,12/07/2019,2,08/11/2019,4,9,10,1.8,FALSE,3782406.75,1.373,1.804053568,15894,Heavy
Roey-053-AP9-11_S186,Roey-053-AP9-11_S186_L001_R1_001_noPrimers.fastq.gz,22671,22243,21733,18362,18341,14856,AP9,Plesne,Oxic,Glucose,Labelled,72,12/07/2019,2,08/11/2019,4,9,11,1.7975,FALSE,6798383,1.3729,1.800887796,14863,Heavy
Roey-054-AP9-12_S187,Roey-054-AP9-12_S187_L001_R1_001_noPrimers.fastq.gz,18250,17928,17489,14549,14543,11743,AP9,Plesne,Oxic,Glucose,Labelled,72,12/07/2019,2,08/11/2019,4,9,12,1.79,FALSE,11098951,1.3726,1.791390479,11787,Light
Roey-055-AP9-13_S188,Roey-055-AP9-13_S188_L001_R1_001_noPrimers.fastq.gz,23875,23507,23056,19401,19390,15849,AP9,Plesne,Oxic,Glucose,Labelled,72,12/07/2019,2,08/11/2019,4,9,13,1.7875,FALSE,6341468,1.3725,1.788224706,15914,Light
Roey-056-AP9-14_S189,Roey-056-AP9-14_S189_L001_R1_001_noPrimers.fastq.gz,27071,26675,26237,22142,22131,18048,AP9,Plesne,Oxic,Glucose,Labelled,72,12/07/2019,2,08/11/2019,4,9,14,1.785,FALSE,7601131.5,1.3724,1.785058934,18097,Light
Roey-057-AP9-15_S190,Roey-057-AP9-15_S190_L001_R1_001_noPrimers.fastq.gz,6735,6618,6441,5275,5275,4339,AP9,Plesne,Oxic,Glucose,Labelled,72,12/07/2019,2,08/11/2019,4,9,15,1.7825,FALSE,7218980.5,1.3723,1.781893161,4340,Light
Roey-058-AP9-16_S191,Roey-058-AP9-16_S191_L001_R1_001_noPrimers.fastq.gz,18383,18044,17666,14791,14789,12582,AP9,Plesne,Oxic,Glucose,Labelled,72,12/07/2019,2,08/11/2019,4,9,16,1.7775,FALSE,1787924.63,1.3721,1.775561616,12633,Light
Roey-059-AP9-17_S192,Roey-059-AP9-17_S192_L001_R1_001_noPrimers.fastq.gz,29763,29259,28593,24336,24317,21262,AP9,Plesne,Oxic,Glucose,Labelled,72,12/07/2019,2,08/11/2019,4,9,17,1.7725,FALSE,1563679.25,1.3719,1.769230072,21285,Light
Roey-060-AP9-18_S193,Roey-060-AP9-18_S193_L001_R1_001_noPrimers.fastq.gz,29101,28627,28014,24060,24042,21297,AP9,Plesne,Oxic,Glucose,Labelled,72,12/07/2019,2,08/11/2019,4,9,18,1.7675,FALSE,739095.44,1.3717,1.762898527,21337,Light
Roey-061-AP12-3_S194,Roey-061-AP12-3_S194_L001_R1_001_noPrimers.fastq.gz,36,32,16,12,12,12,AP12,Plesne,Oxic,Glucose,Unlabelled,72,12/07/2019,2,09/10/2019,5,12,3,1.795,FALSE,98809.04,1.3734,1.816716658,12,Heavy
Roey-062-AP12-4_S195,Roey-062-AP12-4_S195_L001_R1_001_noPrimers.fastq.gz,40,33,17,7,7,5,AP12,Plesne,Oxic,Glucose,Unlabelled,72,12/07/2019,2,09/10/2019,5,12,4,1.81,FALSE,281084,1.3733,1.813550886,5,Heavy
Roey-063-AP12-5_S196,Roey-063-AP12-5_S196_L001_R1_001_noPrimers.fastq.gz,56,48,11,2,2,2,AP12,Plesne,Oxic,Glucose,Unlabelled,72,12/07/2019,2,09/10/2019,5,12,5,1.8075,FALSE,282566.13,1.3731,1.807219341,2,Heavy
Roey-065-AP12-7_S198,Roey-065-AP12-7_S198_L001_R1_001_noPrimers.fastq.gz,37,33,8,5,5,5,AP12,Plesne,Oxic,Glucose,Unlabelled,72,12/07/2019,2,09/10/2019,5,12,7,1.7975,FALSE,228649.44,1.3728,1.797722024,5,Heavy
Roey-066-AP12-8_S199,Roey-066-AP12-8_S199_L001_R1_001_noPrimers.fastq.gz,68,60,42,31,31,27,AP12,Plesne,Oxic,Glucose,Unlabelled,72,12/07/2019,2,09/10/2019,5,12,8,1.795,FALSE,3569482,1.3726,1.791390479,28,Light
Roey-067-AP12-9_S200,Roey-067-AP12-9_S200_L001_R1_001_noPrimers.fastq.gz,17,14,5,2,2,2,AP12,Plesne,Oxic,Glucose,Unlabelled,72,12/07/2019,2,09/10/2019,5,12,9,1.79,FALSE,3367357.25,1.3724,1.785058934,2,Light
Roey-069-AP12-11_S202,Roey-069-AP12-11_S202_L001_R1_001_noPrimers.fastq.gz,22060,21651,21228,18180,18159,15614,AP12,Plesne,Oxic,Glucose,Unlabelled,72,12/07/2019,2,09/10/2019,5,12,11,1.7825,FALSE,1879679.25,1.3722,1.778727389,15769,Light
Roey-070-AP12-12_S203,Roey-070-AP12-12_S203_L001_R1_001_noPrimers.fastq.gz,157,144,89,67,67,56,AP12,Plesne,Oxic,Glucose,Unlabelled,72,12/07/2019,2,09/10/2019,5,12,12,1.78,FALSE,1975232.63,1.3719,1.769230072,60,Light
Roey-071-AP12-13_S204,Roey-071-AP12-13_S204_L001_R1_001_noPrimers.fastq.gz,25739,25230,24748,20915,20910,17410,AP12,Plesne,Oxic,Glucose,Unlabelled,72,12/07/2019,2,09/10/2019,5,12,13,1.7725,FALSE,806989,1.3718,1.766064299,17510,Light
Roey-072-AP12-14_S205,Roey-072-AP12-14_S205_L001_R1_001_noPrimers.fastq.gz,34823,34181,33356,27570,27567,22483,AP12,Plesne,Oxic,Glucose,Unlabelled,72,12/07/2019,2,09/10/2019,5,12,14,1.77,FALSE,660573.19,1.3716,1.759732754,22790,Light
Roey-073-AP12-15_S206,Roey-073-AP12-15_S206_L001_R1_001_noPrimers.fastq.gz,26106,25642,25150,21248,21241,17812,AP12,Plesne,Oxic,Glucose,Unlabelled,72,12/07/2019,2,09/10/2019,5,12,15,1.765,FALSE,73875.84,1.3715,1.756566982,17846,Light
Roey-074-AP12-16_S207,Roey-074-AP12-16_S207_L001_R1_001_noPrimers.fastq.gz,33699,33089,32538,27721,27714,23569,AP12,Plesne,Oxic,Glucose,Unlabelled,72,12/07/2019,2,09/10/2019,5,12,16,1.7625,FALSE,79064.66,1.3713,1.750235437,23501,Light
Roey-075-AP12-17_S208,Roey-075-AP12-17_S208_L001_R1_001_noPrimers.fastq.gz,29178,28586,27964,23956,23949,20818,AP12,Plesne,Oxic,Glucose,Unlabelled,72,12/07/2019,2,09/10/2019,6,12,17,1.7575,FALSE,232751.95,1.3711,1.743903892,20876,Light
Roey-076-AC1-3_S209,Roey-076-AC1-3_S209_L001_R1_001_noPrimers.fastq.gz,25113,24637,24121,21431,21418,19663,AC1,Certovo,Oxic,no,Unlabelled,0,18/07/2019,3,11/11/2019,6,1,3,1.8325,FALSE,1,1.3743,1.84520861,19651,Heavy
Roey-077-AC1-4_S210,Roey-077-AC1-4_S210_L001_R1_001_noPrimers.fastq.gz,21289,20712,20278,18225,18207,17427,AC1,Certovo,Oxic,no,Unlabelled,0,18/07/2019,3,11/11/2019,6,1,4,1.8275,FALSE,1,1.3741,1.838877065,17428,Heavy
Roey-078-AC1-5_S211,Roey-078-AC1-5_S211_L001_R1_001_noPrimers.fastq.gz,17629,17111,16857,14905,14893,14026,AC1,Certovo,Oxic,no,Unlabelled,0,18/07/2019,3,11/11/2019,6,1,5,1.8225,FALSE,1,1.3739,1.83254552,13755,Heavy
Roey-079-AC1-6_S212,Roey-079-AC1-6_S212_L001_R1_001_noPrimers.fastq.gz,28209,27654,27141,25103,25072,23506,AC1,Certovo,Oxic,no,Unlabelled,0,18/07/2019,3,11/11/2019,6,1,6,1.8175,FALSE,21794.74,1.3737,1.826213976,23520,Heavy
Roey-080-AC1-7_S213,Roey-080-AC1-7_S213_L001_R1_001_noPrimers.fastq.gz,25120,24646,24262,22591,22583,21150,AC1,Certovo,Oxic,no,Unlabelled,0,18/07/2019,3,11/11/2019,6,1,7,1.8125,FALSE,44599.59,1.3735,1.819882431,21169,Heavy
Roey-081-AC1-8_S214,Roey-081-AC1-8_S214_L001_R1_001_noPrimers.fastq.gz,28196,27718,27195,24872,24853,22973,AC1,Certovo,Oxic,no,Unlabelled,0,18/07/2019,3,11/11/2019,6,1,8,1.81,FALSE,41628.74,1.3734,1.816716658,22987,Heavy
Roey-082-AC1-9_S215,Roey-082-AC1-9_S215_L001_R1_001_noPrimers.fastq.gz,23659,23112,22692,20810,20805,19089,AC1,Certovo,Oxic,no,Unlabelled,0,18/07/2019,3,11/11/2019,6,1,9,1.805,FALSE,57529.97,1.3732,1.810385113,19127,Heavy
Roey-083-AC1-10_S216,Roey-083-AC1-10_S216_L001_R1_001_noPrimers.fastq.gz,33554,32967,32288,29203,29199,25610,AC1,Certovo,Oxic,no,Unlabelled,0,18/07/2019,3,11/11/2019,6,1,10,1.8175,FALSE,94221.22,1.3729,1.800887796,25611,Heavy
Roey-084-AC1-11_S217,Roey-084-AC1-11_S217_L001_R1_001_noPrimers.fastq.gz,29944,29449,29030,26749,26747,24171,AC1,Certovo,Oxic,no,Unlabelled,0,18/07/2019,3,11/11/2019,6,1,11,1.8125,FALSE,230856.28,1.3727,1.794556251,24175,Light
Roey-085-AC1-12_S218,Roey-085-AC1-12_S218_L001_R1_001_noPrimers.fastq.gz,39518,38781,38070,33815,33812,27707,AC1,Certovo,Oxic,no,Unlabelled,0,18/07/2019,3,11/11/2019,6,1,12,1.81,FALSE,108703.42,1.3724,1.785058934,27725,Light
Roey-086-AC1-13_S219,Roey-086-AC1-13_S219_L001_R1_001_noPrimers.fastq.gz,32328,31795,31336,27981,27977,24068,AC1,Certovo,Oxic,no,Unlabelled,0,18/07/2019,3,11/11/2019,6,1,13,1.805,FALSE,676093.44,1.3723,1.781893161,24099,Light
Roey-087-AC1-14_S220,Roey-087-AC1-14_S220_L001_R1_001_noPrimers.fastq.gz,29951,29451,28901,25758,25751,22317,AC1,Certovo,Oxic,no,Unlabelled,0,18/07/2019,3,11/11/2019,6,1,14,1.7975,FALSE,239982,1.3719,1.769230072,22355,Light
Roey-088-AC1-15_S221,Roey-088-AC1-15_S221_L001_R1_001_noPrimers.fastq.gz,31084,30538,30001,27179,27170,24123,AC1,Certovo,Oxic,no,Unlabelled,0,18/07/2019,3,11/11/2019,6,1,15,1.7925,FALSE,689075.19,1.3719,1.769230072,24171,Light
Roey-089-AC1-16_S222,Roey-089-AC1-16_S222_L001_R1_001_noPrimers.fastq.gz,18976,18668,18441,17593,17591,16889,AC1,Certovo,Oxic,no,Unlabelled,0,18/07/2019,3,11/11/2019,6,1,16,1.785,FALSE,193967.47,1.3717,1.762898527,16934,Light
Roey-090-AC1-17_S223,Roey-090-AC1-17_S223_L001_R1_001_noPrimers.fastq.gz,26166,25475,25065,22729,22727,20664,AC1,Certovo,Oxic,no,Unlabelled,0,18/07/2019,3,11/11/2019,7,1,17,1.7825,FALSE,1932.24,1.3715,1.756566982,20326,Light
Roey-091-AC3-3_S224,Roey-091-AC3-3_S224_L001_R1_001_noPrimers.fastq.gz,18933,18475,18178,16837,16740,15886,AC3,Certovo,Oxic,Glucose,Labelled,12,18/07/2019,3,12/12/2019,7,3,3,1.8275,FALSE,125400.02,1.3741,1.838877065,15890,Heavy
Roey-092-AC3-4_S225,Roey-092-AC3-4_S225_L001_R1_001_noPrimers.fastq.gz,16395,16058,15827,14786,14675,14127,AC3,Certovo,Oxic,Glucose,Labelled,12,18/07/2019,3,12/12/2019,7,3,4,1.8225,FALSE,59002.31,1.3739,1.83254552,14148,Heavy
Roey-093-AC3-5_S226,Roey-093-AC3-5_S226_L001_R1_001_noPrimers.fastq.gz,2080,2020,1939,1816,1779,1772,AC3,Certovo,Oxic,Glucose,Labelled,12,18/07/2019,3,12/12/2019,7,3,5,1.8175,FALSE,71093.93,1.3737,1.826213976,1772,Heavy
Roey-094-AC3-6_S227,Roey-094-AC3-6_S227_L001_R1_001_noPrimers.fastq.gz,24236,23768,23484,21570,21568,18556,AC3,Certovo,Oxic,Glucose,Labelled,12,18/07/2019,3,12/12/2019,7,3,6,1.8125,FALSE,356093.96,1.3735,1.819882431,18581,Heavy
Roey-095-AC3-7_S228,Roey-095-AC3-7_S228_L001_R1_001_noPrimers.fastq.gz,35466,34898,34480,32465,32463,28873,AC3,Certovo,Oxic,Glucose,Labelled,12,18/07/2019,3,12/12/2019,7,3,7,1.81,FALSE,571043.17,1.3734,1.816716658,28817,Heavy
Roey-096-AC3-8_S229,Roey-096-AC3-8_S229_L001_R1_001_noPrimers.fastq.gz,40019,39238,38690,35361,35354,29635,AC3,Certovo,Oxic,Glucose,Labelled,12,18/07/2019,3,12/12/2019,7,3,8,1.805,FALSE,61926.67,1.3732,1.810385113,29662,Heavy
Roey-097-AC3-9_S1,Roey-097-AC3-9_S1_L001_R1_001_noPrimers.fastq.gz,67997,66860,66196,61832,61821,54009,AC3,Certovo,Oxic,Glucose,Labelled,12,18/07/2019,3,12/12/2019,7,3,9,1.8025,FALSE,2720136.75,1.3731,1.807219341,54008,Heavy
Roey-098-AC3-10_S2,Roey-098-AC3-10_S2_L001_R1_001_noPrimers.fastq.gz,63966,62731,61923,56960,56941,50326,AC3,Certovo,Oxic,Glucose,Labelled,12,18/07/2019,3,12/12/2019,7,3,10,1.7975,FALSE,8690193.19,1.3729,1.800887796,50364,Heavy
Roey-099-AC3-11_S3,Roey-099-AC3-11_S3_L001_R1_001_noPrimers.fastq.gz,66438,65157,64109,55250,55200,44407,AC3,Certovo,Oxic,Glucose,Labelled,12,18/07/2019,3,12/12/2019,7,3,11,1.7925,FALSE,1561472.5,1.3727,1.794556251,44458,Light
Roey-100-AC3-12_S4,Roey-100-AC3-12_S4_L001_R1_001_noPrimers.fastq.gz,64393,63174,62331,58285,58267,53176,AC3,Certovo,Oxic,Glucose,Labelled,12,18/07/2019,3,12/12/2019,7,3,12,1.79,FALSE,35601393.5,1.3726,1.791390479,53115,Light
Roey-101-AC3-13_S5,Roey-101-AC3-13_S5_L001_R1_001_noPrimers.fastq.gz,65477,64152,63452,60607,60552,57329,AC3,Certovo,Oxic,Glucose,Labelled,12,18/07/2019,3,12/12/2019,7,3,13,1.785,FALSE,89201456,1.3724,1.785058934,57340,Light
Roey-102-AC3-14_S6,Roey-102-AC3-14_S6_L001_R1_001_noPrimers.fastq.gz,70347,69146,68610,66408,66374,64135,AC3,Certovo,Oxic,Glucose,Labelled,12,18/07/2019,3,12/12/2019,7,3,14,1.78,FALSE,141900331,1.3722,1.778727389,64114,Light
Roey-103-AC3-15_S7,Roey-103-AC3-15_S7_L001_R1_001_noPrimers.fastq.gz,69788,68471,67868,65701,65645,63733,AC3,Certovo,Oxic,Glucose,Labelled,12,18/07/2019,3,12/12/2019,7,3,15,1.7775,FALSE,48723003.84,1.3721,1.775561616,63665,Light
Roey-104-AC3-16_S8,Roey-104-AC3-16_S8_L001_R1_001_noPrimers.fastq.gz,70888,69522,68842,66138,66065,63809,AC3,Certovo,Oxic,Glucose,Labelled,12,18/07/2019,3,12/12/2019,7,3,16,1.7725,FALSE,44430332.5,1.3719,1.769230072,63826,Light
Roey-105-AC3-17_S9,Roey-105-AC3-17_S9_L001_R1_001_noPrimers.fastq.gz,67293,66283,65669,63926,63909,62908,AC3,Certovo,Oxic,Glucose,Labelled,12,18/07/2019,3,12/12/2019,8,3,17,1.7675,FALSE,9023027.56,1.3717,1.762898527,62833,Light
Roey-106-AC5-3_S10,Roey-106-AC5-3_S10_L001_R1_001_noPrimers.fastq.gz,67605,66225,65353,61317,60362,53719,AC5,Certovo,Oxic,Glucose,Labelled,24,18/07/2019,3,28/11/2019,8,5,3,1.8275,FALSE,1983960.88,1.3741,1.838877065,53837,Heavy
Roey-107-AC5-4_S11,Roey-107-AC5-4_S11_L001_R1_001_noPrimers.fastq.gz,60518,59538,58809,54884,54317,46897,AC5,Certovo,Oxic,Glucose,Labelled,24,18/07/2019,3,28/11/2019,8,5,4,1.825,FALSE,4868621,1.374,1.835711293,47013,Heavy
Roey-108-AC5-5_S12,Roey-108-AC5-5_S12_L001_R1_001_noPrimers.fastq.gz,64521,63297,62244,57360,56929,47889,AC5,Certovo,Oxic,Glucose,Labelled,24,18/07/2019,3,28/11/2019,8,5,5,1.82,FALSE,7975756,1.3738,1.829379748,47975,Heavy
Roey-109-AC5-6_S13,Roey-109-AC5-6_S13_L001_R1_001_noPrimers.fastq.gz,74205,72958,71822,66159,65740,55815,AC5,Certovo,Oxic,Glucose,Labelled,24,18/07/2019,3,28/11/2019,8,5,6,1.815,FALSE,7863109,1.3736,1.823048203,55980,Heavy
Roey-110-AC5-7_S14,Roey-110-AC5-7_S14_L001_R1_001_noPrimers.fastq.gz,88981,87544,86412,78124,77738,65256,AC5,Certovo,Oxic,Glucose,Labelled,24,18/07/2019,3,28/11/2019,8,5,7,1.8125,FALSE,13903586,1.3735,1.819882431,65397,Heavy
Roey-111-AC5-8_S15,Roey-111-AC5-8_S15_L001_R1_001_noPrimers.fastq.gz,94458,92931,91596,81696,81443,66834,AC5,Certovo,Oxic,Glucose,Labelled,24,18/07/2019,3,28/11/2019,8,5,8,1.8075,FALSE,26218960,1.3733,1.813550886,66953,Heavy
Roey-112-AC5-9_S16,Roey-112-AC5-9_S16_L001_R1_001_noPrimers.fastq.gz,68219,67035,65960,57872,57743,47095,AC5,Certovo,Oxic,Glucose,Labelled,24,18/07/2019,3,28/11/2019,8,5,9,1.8025,FALSE,37481852,1.3731,1.807219341,47180,Heavy
Roey-113-AC5-10_S17,Roey-113-AC5-10_S17_L001_R1_001_noPrimers.fastq.gz,66102,64988,63932,55868,55762,44978,AC5,Certovo,Oxic,Glucose,Labelled,24,18/07/2019,3,28/11/2019,8,5,10,1.7975,FALSE,103745512,1.3729,1.800887796,45015,Heavy
Roey-114-AC5-11_S18,Roey-114-AC5-11_S18_L001_R1_001_noPrimers.fastq.gz,60837,59829,58693,50477,50431,39949,AC5,Certovo,Oxic,Glucose,Labelled,24,18/07/2019,3,28/11/2019,8,5,11,1.7925,FALSE,148726384,1.3727,1.794556251,39918,Light
Roey-115-AC5-12_S19,Roey-115-AC5-12_S19_L001_R1_001_noPrimers.fastq.gz,60663,59678,58628,50260,50223,39454,AC5,Certovo,Oxic,Glucose,Labelled,24,18/07/2019,3,28/11/2019,8,5,12,1.79,FALSE,155923056,1.3726,1.791390479,39495,Light
Roey-116-AC5-13_S20,Roey-116-AC5-13_S20_L001_R1_001_noPrimers.fastq.gz,62665,61511,60265,51761,51701,41042,AC5,Certovo,Oxic,Glucose,Labelled,24,18/07/2019,3,28/11/2019,8,5,13,1.7875,FALSE,117591048,1.3725,1.788224706,41067,Light
Roey-117-AC5-14_S21,Roey-117-AC5-14_S21_L001_R1_001_noPrimers.fastq.gz,62697,61730,60655,52026,51990,41739,AC5,Certovo,Oxic,Glucose,Labelled,24,18/07/2019,3,28/11/2019,8,5,14,1.78,FALSE,96911168,1.3722,1.778727389,41719,Light
Roey-118-AC5-15_S22,Roey-118-AC5-15_S22_L001_R1_001_noPrimers.fastq.gz,68402,67232,65968,57637,57569,47657,AC5,Certovo,Oxic,Glucose,Labelled,24,18/07/2019,3,28/11/2019,8,5,15,1.775,FALSE,66125268,1.372,1.772395844,47662,Light
Roey-119-AC5-16_S23,Roey-119-AC5-16_S23_L001_R1_001_noPrimers.fastq.gz,58152,57189,56276,49337,49334,41121,AC5,Certovo,Oxic,Glucose,Labelled,24,18/07/2019,3,28/11/2019,8,5,16,1.77,FALSE,40014276,1.3718,1.766064299,41161,Light
Roey-120-AC5-17_S24,Roey-120-AC5-17_S24_L001_R1_001_noPrimers.fastq.gz,59259,58377,57352,50884,50846,43356,AC5,Certovo,Oxic,Glucose,Labelled,24,18/07/2019,3,28/11/2019,9,5,17,1.765,FALSE,15372770,1.3716,1.759732754,43438,Light
Roey-121-AC7-2_S25,Roey-121-AC7-2_S25_L001_R1_001_noPrimers.fastq.gz,77638,76373,75785,73332,72558,68023,AC7,Certovo,Oxic,Glucose,Labelled,48,19/07/2019,4,29/11/2019,9,7,2,1.83,FALSE,524770.38,1.3742,1.842042838,68218,Heavy
Roey-122-AC7-3_S26,Roey-122-AC7-3_S26_L001_R1_001_noPrimers.fastq.gz,62482,61450,60906,58794,58420,53915,AC7,Certovo,Oxic,Glucose,Labelled,48,19/07/2019,4,29/11/2019,9,7,3,1.825,FALSE,811134.44,1.374,1.835711293,54118,Heavy
Roey-123-AC7-4_S27,Roey-123-AC7-4_S27_L001_R1_001_noPrimers.fastq.gz,59895,58857,58289,55606,55364,49305,AC7,Certovo,Oxic,Glucose,Labelled,48,19/07/2019,4,29/11/2019,9,7,4,1.82,FALSE,1589442.75,1.3738,1.829379748,49465,Heavy
Roey-124-AC7-5_S28,Roey-124-AC7-5_S28_L001_R1_001_noPrimers.fastq.gz,68156,67048,66337,62469,62301,53429,AC7,Certovo,Oxic,Glucose,Labelled,48,19/07/2019,4,29/11/2019,9,7,5,1.815,FALSE,3141175,1.3736,1.823048203,53522,Heavy
Roey-125-AC7-6_S29,Roey-125-AC7-6_S29_L001_R1_001_noPrimers.fastq.gz,67862,66774,65973,61428,61254,52867,AC7,Certovo,Oxic,Glucose,Labelled,48,19/07/2019,4,29/11/2019,9,7,6,1.81,FALSE,6153769.5,1.3734,1.816716658,52934,Heavy
Roey-126-AC7-7_S30,Roey-126-AC7-7_S30_L001_R1_001_noPrimers.fastq.gz,72488,71254,70372,64283,64177,54070,AC7,Certovo,Oxic,Glucose,Labelled,48,19/07/2019,4,29/11/2019,9,7,7,1.805,FALSE,9847843,1.3732,1.810385113,54160,Heavy
Roey-127-AC7-8_S31,Roey-127-AC7-8_S31_L001_R1_001_noPrimers.fastq.gz,65603,64708,63989,57829,57765,47818,AC7,Certovo,Oxic,Glucose,Labelled,48,19/07/2019,4,29/11/2019,9,7,8,1.8025,FALSE,12420991,1.3731,1.807219341,47899,Heavy
Roey-128-AC7-9_S32,Roey-128-AC7-9_S32_L001_R1_001_noPrimers.fastq.gz,68315,67289,66423,58938,58890,47879,AC7,Certovo,Oxic,Glucose,Labelled,48,19/07/2019,4,29/11/2019,9,7,9,1.7975,FALSE,55713092,1.3729,1.800887796,47763,Heavy
Roey-129-AC7-10_S33,Roey-129-AC7-10_S33_L001_R1_001_noPrimers.fastq.gz,60534,59525,58526,50738,50680,40458,AC7,Certovo,Oxic,Glucose,Labelled,48,19/07/2019,4,29/11/2019,9,7,10,1.7925,FALSE,106193024,1.3727,1.794556251,40438,Light
Roey-130-AC7-11_S34,Roey-130-AC7-11_S34_L001_R1_001_noPrimers.fastq.gz,70390,69206,68120,60051,60007,48443,AC7,Certovo,Oxic,Glucose,Labelled,48,19/07/2019,4,29/11/2019,9,7,11,1.7875,FALSE,184447168,1.3725,1.788224706,48393,Light
Roey-131-AC7-12_S35,Roey-131-AC7-12_S35_L001_R1_001_noPrimers.fastq.gz,63569,62600,61741,55040,55027,44384,AC7,Certovo,Oxic,Glucose,Labelled,48,19/07/2019,4,29/11/2019,9,7,12,1.7825,FALSE,141193728,1.3723,1.781893161,44313,Light
Roey-132-AC7-13_S36,Roey-132-AC7-13_S36_L001_R1_001_noPrimers.fastq.gz,61642,60637,59568,52140,52137,41916,AC7,Certovo,Oxic,Glucose,Labelled,48,19/07/2019,4,29/11/2019,9,7,13,1.78,FALSE,173155328,1.3722,1.778727389,41898,Light
Roey-133-AC7-14_S37,Roey-133-AC7-14_S37_L001_R1_001_noPrimers.fastq.gz,76563,75254,74115,65778,65764,54066,AC7,Certovo,Oxic,Glucose,Labelled,48,19/07/2019,4,29/11/2019,9,7,14,1.775,FALSE,100780424,1.372,1.772395844,54036,Light
Roey-134-AC7-15_S38,Roey-134-AC7-15_S38_L001_R1_001_noPrimers.fastq.gz,64052,62995,61987,55082,55070,45598,AC7,Certovo,Oxic,Glucose,Labelled,48,19/07/2019,4,29/11/2019,9,7,15,1.7725,FALSE,56690112,1.3719,1.769230072,45598,Light
Roey-135-AC7-16_S39,Roey-135-AC7-16_S39_L001_R1_001_noPrimers.fastq.gz,63658,62681,61933,55850,55835,47825,AC7,Certovo,Oxic,Glucose,Labelled,48,19/07/2019,4,29/11/2019,10,7,16,1.7675,FALSE,14526306,1.3717,1.762898527,47804,Light
Roey-136-AC10-2_S40,Roey-136-AC10-2_S40_L001_R1_001_noPrimers.fastq.gz,62734,61310,60474,56118,55937,50348,AC10,Certovo,Oxic,Glucose,Labelled,72,19/07/2019,4,12/11/2019,10,10,2,1.83,FALSE,46912.45,1.3742,1.842042838,50709,Heavy
Roey-137-AC10-3_S41,Roey-137-AC10-3_S41_L001_R1_001_noPrimers.fastq.gz,64147,62775,62001,57332,57220,50169,AC10,Certovo,Oxic,Glucose,Labelled,72,19/07/2019,4,12/11/2019,10,10,3,1.8275,FALSE,80591.85,1.3741,1.838877065,49978,Heavy
Roey-138-AC10-4_S42,Roey-138-AC10-4_S42_L001_R1_001_noPrimers.fastq.gz,62339,61285,60654,56509,56434,49787,AC10,Certovo,Oxic,Glucose,Labelled,72,19/07/2019,4,12/11/2019,10,10,4,1.8225,FALSE,90716.82,1.3739,1.83254552,49968,Heavy
Roey-139-AC10-5_S43,Roey-139-AC10-5_S43_L001_R1_001_noPrimers.fastq.gz,59871,58745,58002,53236,53199,45685,AC10,Certovo,Oxic,Glucose,Labelled,72,19/07/2019,4,12/11/2019,10,10,5,1.815,FALSE,138162.19,1.3736,1.823048203,45806,Heavy
Roey-140-AC10-6_S44,Roey-140-AC10-6_S44_L001_R1_001_noPrimers.fastq.gz,64584,63325,62578,57462,57431,50987,AC10,Certovo,Oxic,Glucose,Labelled,72,19/07/2019,4,12/11/2019,10,10,6,1.8125,FALSE,60069.45,1.3735,1.819882431,51046,Heavy
Roey-141-AC10-7_S45,Roey-141-AC10-7_S45_L001_R1_001_noPrimers.fastq.gz,60590,59305,58396,52923,52892,45447,AC10,Certovo,Oxic,Glucose,Labelled,72,19/07/2019,4,12/11/2019,10,10,7,1.8075,FALSE,318647.5,1.3733,1.813550886,45548,Heavy
Roey-142-AC10-8_S46,Roey-142-AC10-8_S46_L001_R1_001_noPrimers.fastq.gz,66182,64561,63725,57056,57036,46837,AC10,Certovo,Oxic,Glucose,Labelled,72,19/07/2019,4,12/11/2019,10,10,8,1.8025,FALSE,306052.75,1.3731,1.807219341,46791,Heavy
Roey-143-AC10-9_S47,Roey-143-AC10-9_S47_L001_R1_001_noPrimers.fastq.gz,64846,63731,62929,56539,56522,45955,AC10,Certovo,Oxic,Glucose,Labelled,72,19/07/2019,4,12/11/2019,10,10,9,1.8,FALSE,1163673,1.373,1.804053568,45968,Heavy
Roey-144-AC10-10_S48,Roey-144-AC10-10_S48_L001_R1_001_noPrimers.fastq.gz,56895,55961,55207,49507,49473,39923,AC10,Certovo,Oxic,Glucose,Labelled,72,19/07/2019,4,12/11/2019,10,10,10,1.7975,FALSE,734914.75,1.3729,1.800887796,39934,Heavy
Roey-145-AC10-11_S49,Roey-145-AC10-11_S49_L001_R1_001_noPrimers.fastq.gz,64942,63808,62944,56057,56027,45160,AC10,Certovo,Oxic,Glucose,Labelled,72,19/07/2019,4,12/11/2019,10,10,11,1.795,FALSE,1276838,1.3728,1.797722024,45207,Heavy
Roey-146-AC10-12_S50,Roey-146-AC10-12_S50_L001_R1_001_noPrimers.fastq.gz,64917,63897,63081,55582,55566,44567,AC10,Certovo,Oxic,Glucose,Labelled,72,19/07/2019,4,12/11/2019,10,10,12,1.7875,FALSE,3260246.5,1.3725,1.788224706,44600,Light
Roey-147-AC10-13_S51,Roey-147-AC10-13_S51_L001_R1_001_noPrimers.fastq.gz,64003,62909,61786,54495,54476,43832,AC10,Certovo,Oxic,Glucose,Labelled,72,19/07/2019,4,12/11/2019,10,10,13,1.785,FALSE,1905701.13,1.3724,1.785058934,43796,Light
Roey-148-AC10-14_S52,Roey-148-AC10-14_S52_L001_R1_001_noPrimers.fastq.gz,66640,65455,64379,57570,57560,48822,AC10,Certovo,Oxic,Glucose,Labelled,72,19/07/2019,4,12/11/2019,10,10,14,1.78,FALSE,981500.63,1.3722,1.778727389,48896,Light
Roey-149-AC10-15_S53,Roey-149-AC10-15_S53_L001_R1_001_noPrimers.fastq.gz,57860,56879,56058,49390,49375,41355,AC10,Certovo,Oxic,Glucose,Labelled,72,19/07/2019,4,12/11/2019,10,10,15,1.775,FALSE,1029701.44,1.372,1.772395844,41410,Light
Roey-150-AC10-16_S54,Roey-150-AC10-16_S54_L001_R1_001_noPrimers.fastq.gz,66707,65680,64853,59000,58993,52886,AC10,Certovo,Oxic,Glucose,Labelled,72,19/07/2019,4,12/11/2019,11,10,16,1.77,FALSE,329089.19,1.3718,1.766064299,52930,Light
Roey-151-AC11-2_S55,Roey-151-AC11-2_S55_L001_R1_001_noPrimers.fastq.gz,67055,65229,64423,59973,59455,55439,AC11,Certovo,Oxic,Glucose,Unlabelled,72,19/07/2019,4,09/10/2019,11,11,2,1.805,FALSE,24476.63,1.3738,1.829379748,55161,Heavy
Roey-152-AC11-3_S56,Roey-152-AC11-3_S56_L001_R1_001_noPrimers.fastq.gz,64951,63637,62694,57347,57124,54233,AC11,Certovo,Oxic,Glucose,Unlabelled,72,19/07/2019,4,09/10/2019,11,11,3,1.8,FALSE,88795.09,1.3737,1.826213976,54264,Heavy
Roey-153-AC11-4_S57,Roey-153-AC11-4_S57_L001_R1_001_noPrimers.fastq.gz,61476,60392,59554,56125,55866,52548,AC11,Certovo,Oxic,Glucose,Unlabelled,72,19/07/2019,4,09/10/2019,11,11,4,1.7975,FALSE,229423.3,1.3735,1.819882431,52600,Heavy
Roey-154-AC11-5_S58,Roey-154-AC11-5_S58_L001_R1_001_noPrimers.fastq.gz,72400,69152,68393,61587,61429,56935,AC11,Certovo,Oxic,Glucose,Unlabelled,72,19/07/2019,4,09/10/2019,11,11,5,1.7925,FALSE,173624.2,1.3734,1.816716658,53656,Heavy
Roey-155-AC11-6_S59,Roey-155-AC11-6_S59_L001_R1_001_noPrimers.fastq.gz,64453,62623,61895,55531,55347,51592,AC11,Certovo,Oxic,Glucose,Unlabelled,72,19/07/2019,4,09/10/2019,11,11,6,1.79,FALSE,330965.28,1.3732,1.810385113,51463,Heavy
Roey-156-AC11-7_S60,Roey-156-AC11-7_S60_L001_R1_001_noPrimers.fastq.gz,3023,2952,2720,2479,2474,2300,AC11,Certovo,Oxic,Glucose,Unlabelled,72,19/07/2019,4,09/10/2019,11,11,7,1.785,FALSE,383549.34,1.373,1.75,2316,Light
Roey-157-AC11-8_S61,Roey-157-AC11-8_S61_L001_R1_001_noPrimers.fastq.gz,71365,69888,69103,63251,63179,56037,AC11,Certovo,Oxic,Glucose,Unlabelled,72,19/07/2019,4,09/10/2019,11,11,8,1.7825,FALSE,255562.89,1.3727,1.794556251,56142,Light
Roey-158-AC11-9_S62,Roey-158-AC11-9_S62_L001_R1_001_noPrimers.fastq.gz,66515,65299,64449,58794,58764,51086,AC11,Certovo,Oxic,Glucose,Unlabelled,72,19/07/2019,4,09/10/2019,11,11,9,1.78,FALSE,658967.38,1.3725,1.788224706,51016,Light
Roey-159-AC11-10_S63,Roey-159-AC11-10_S63_L001_R1_001_noPrimers.fastq.gz,65572,64348,63617,58714,58681,51650,AC11,Certovo,Oxic,Glucose,Unlabelled,72,19/07/2019,4,09/10/2019,11,11,10,1.7725,FALSE,188107.3,1.3724,1.785058934,51431,Light
Roey-160-AC11-11_S64,Roey-160-AC11-11_S64_L001_R1_001_noPrimers.fastq.gz,58343,57275,56582,51693,51664,43971,AC11,Certovo,Oxic,Glucose,Unlabelled,72,19/07/2019,4,09/10/2019,11,11,11,1.77,FALSE,103787.27,1.3723,1.781893161,43811,Light
Roey-161-AC11-12_S65,Roey-161-AC11-12_S65_L001_R1_001_noPrimers.fastq.gz,55687,54675,53947,49011,48985,41644,AC11,Certovo,Oxic,Glucose,Unlabelled,72,19/07/2019,4,09/10/2019,11,11,12,1.765,FALSE,16681.14,1.3721,1.775561616,41583,Light
Roey-162-AC11-13_S66,Roey-162-AC11-13_S66_L001_R1_001_noPrimers.fastq.gz,56868,55893,55226,50325,50317,43157,AC11,Certovo,Oxic,Glucose,Unlabelled,72,19/07/2019,4,09/10/2019,11,11,13,1.76,FALSE,22191.47,1.372,1.772395844,43172,Light
Roey-163-AC11-14_S67,Roey-163-AC11-14_S67_L001_R1_001_noPrimers.fastq.gz,61868,60603,59696,53235,53227,44544,AC11,Certovo,Oxic,Glucose,Unlabelled,72,19/07/2019,4,09/10/2019,11,11,14,1.7575,FALSE,25079.5,1.3719,1.769230072,44642,Light
Roey-164-AC11-15_S68,Roey-164-AC11-15_S68_L001_R1_001_noPrimers.fastq.gz,62987,61721,60962,55436,55412,48718,AC11,Certovo,Oxic,Glucose,Unlabelled,72,19/07/2019,4,09/10/2019,11,11,15,1.7525,FALSE,2964.06,1.3716,1.759732754,48846,Light
Roey-165-AC11-16_S69,Roey-165-AC11-16_S69_L001_R1_001_noPrimers.fastq.gz,58520,57471,56729,51701,51694,46015,AC11,Certovo,Oxic,Glucose,Unlabelled,72,19/07/2019,4,09/10/2019,12,11,16,1.75,FALSE,6406.31,1.3715,1.756566982,45977,Light
Roey-166-NP3-2_S70,Roey-166-NP3-2_S70_L001_R1_001_noPrimers.fastq.gz,31330,30828,30421,28904,28825,25892,NP3,Plesne,Anoxic,Glucose,Labelled,12,25/07/2019,5,02/12/2019,12,3,2,1.8275,FALSE,29007.57,1.3741,1.838877065,25927,Heavy
Roey-167-NP3-3_S71,Roey-167-NP3-3_S71_L001_R1_001_noPrimers.fastq.gz,63289,62284,61561,59943,59773,58756,NP3,Plesne,Anoxic,Glucose,Labelled,12,25/07/2019,5,02/12/2019,12,3,3,1.8225,FALSE,49946.41,1.3739,1.83254552,58734,Heavy
Roey-168-NP3-4_S72,Roey-168-NP3-4_S72_L001_R1_001_noPrimers.fastq.gz,59854,58805,58034,56159,56035,54848,NP3,Plesne,Anoxic,Glucose,Labelled,12,25/07/2019,5,02/12/2019,12,3,4,1.8175,FALSE,115873.88,1.3737,1.826213976,54918,Heavy
Roey-169-NP3-5_S73,Roey-169-NP3-5_S73_L001_R1_001_noPrimers.fastq.gz,73891,72669,71898,69256,69085,66923,NP3,Plesne,Anoxic,Glucose,Labelled,12,25/07/2019,5,02/12/2019,12,3,5,1.8125,FALSE,243639.23,1.3735,1.819882431,67088,Heavy
Roey-170-NP3-6_S74,Roey-170-NP3-6_S74_L001_R1_001_noPrimers.fastq.gz,62901,61832,61048,58541,58453,56422,NP3,Plesne,Anoxic,Glucose,Labelled,12,25/07/2019,5,02/12/2019,12,3,6,1.81,FALSE,510172.59,1.3734,1.816716658,56527,Heavy
Roey-171-NP3-7_S75,Roey-171-NP3-7_S75_L001_R1_001_noPrimers.fastq.gz,86708,85251,84100,79011,78858,74140,NP3,Plesne,Anoxic,Glucose,Labelled,12,25/07/2019,5,02/12/2019,12,3,7,1.805,FALSE,1043328.25,1.3732,1.810385113,74265,Heavy
Roey-172-NP3-8_S76,Roey-172-NP3-8_S76_L001_R1_001_noPrimers.fastq.gz,84188,82818,81871,79061,78914,76447,NP3,Plesne,Anoxic,Glucose,Labelled,12,25/07/2019,5,02/12/2019,12,3,8,1.8,FALSE,220586.45,1.373,1.804053568,76544,Heavy
Roey-173-NP3-9_S77,Roey-173-NP3-9_S77_L001_R1_001_noPrimers.fastq.gz,61192,60117,59033,53770,53721,48064,NP3,Plesne,Anoxic,Glucose,Labelled,12,25/07/2019,5,02/12/2019,12,3,9,1.7975,FALSE,4609398,1.3729,1.800887796,48178,Heavy
Roey-174-NP3-10_S78,Roey-174-NP3-10_S78_L001_R1_001_noPrimers.fastq.gz,77243,75982,74859,67917,67835,59546,NP3,Plesne,Anoxic,Glucose,Labelled,12,25/07/2019,5,02/12/2019,12,3,10,1.7925,FALSE,7291073,1.3727,1.794556251,59626,Light
Roey-175-NP3-11_S79,Roey-175-NP3-11_S79_L001_R1_001_noPrimers.fastq.gz,63785,62669,61504,55414,55350,48038,NP3,Plesne,Anoxic,Glucose,Labelled,12,25/07/2019,5,02/12/2019,12,3,11,1.79,FALSE,12050778,1.3726,1.791390479,48177,Light
Roey-176-NP3-12_S80,Roey-176-NP3-12_S80_L001_R1_001_noPrimers.fastq.gz,64656,63629,62730,56856,56797,49442,NP3,Plesne,Anoxic,Glucose,Labelled,12,25/07/2019,5,02/12/2019,12,3,12,1.785,FALSE,18.39,1.3724,1.785058934,49496,Light
Roey-177-NP3-13_S81,Roey-177-NP3-13_S81_L001_R1_001_noPrimers.fastq.gz,65180,64152,63318,57752,57681,50378,NP3,Plesne,Anoxic,Glucose,Labelled,12,25/07/2019,5,02/12/2019,12,3,13,1.7825,FALSE,15869449,1.3723,1.781893161,50547,Light
Roey-178-NP3-14_S82,Roey-178-NP3-14_S82_L001_R1_001_noPrimers.fastq.gz,74489,73385,72671,66509,66453,58133,NP3,Plesne,Anoxic,Glucose,Labelled,12,25/07/2019,5,02/12/2019,12,3,14,1.7775,FALSE,19411358,1.3721,1.775561616,58228,Light
Roey-179-NP3-15_S83,Roey-179-NP3-15_S83_L001_R1_001_noPrimers.fastq.gz,61878,60773,59739,53885,53832,46544,NP3,Plesne,Anoxic,Glucose,Labelled,12,25/07/2019,5,02/12/2019,12,3,15,1.7725,FALSE,11780264,1.3719,1.769230072,46665,Light
Roey-180-NP3-16_S84,Roey-180-NP3-16_S84_L001_R1_001_noPrimers.fastq.gz,55320,54321,53402,48336,48289,42437,NP3,Plesne,Anoxic,Glucose,Labelled,12,25/07/2019,5,02/12/2019,13,3,16,1.77,FALSE,7376845.5,1.3718,1.766064299,42461,Light
Roey-181-NP5-2_S85,Roey-181-NP5-2_S85_L001_R1_001_noPrimers.fastq.gz,73246,71986,71288,69752,69415,68146,NP5,Plesne,Anoxic,Glucose,Labelled,24,25/07/2019,5,03/12/2019,13,5,2,1.8275,FALSE,25146.21,1.3741,1.838877065,68227,Heavy
Roey-182-NP5-3_S86,Roey-182-NP5-3_S86_L001_R1_001_noPrimers.fastq.gz,62644,61610,60878,59027,58802,57431,NP5,Plesne,Anoxic,Glucose,Labelled,24,25/07/2019,5,03/12/2019,13,5,3,1.825,FALSE,98498.49,1.374,1.835711293,57492,Heavy
Roey-183-NP5-4_S87,Roey-183-NP5-4_S87_L001_R1_001_noPrimers.fastq.gz,66732,65803,65158,63415,63259,62075,NP5,Plesne,Anoxic,Glucose,Labelled,24,25/07/2019,5,03/12/2019,13,5,4,1.8175,FALSE,59674.05,1.3737,1.826213976,62134,Heavy
Roey-184-NP5-5_S88,Roey-184-NP5-5_S88_L001_R1_001_noPrimers.fastq.gz,63553,62397,61445,58420,58159,55817,NP5,Plesne,Anoxic,Glucose,Labelled,24,25/07/2019,5,03/12/2019,13,5,5,1.8125,FALSE,428383.44,1.3735,1.819882431,55806,Heavy
Roey-185-NP5-6_S89,Roey-185-NP5-6_S89_L001_R1_001_noPrimers.fastq.gz,62233,61180,60490,57707,57537,54956,NP5,Plesne,Anoxic,Glucose,Labelled,24,25/07/2019,5,03/12/2019,13,5,6,1.8075,FALSE,540142.56,1.3733,1.813550886,55086,Heavy
Roey-186-NP5-7_S90,Roey-186-NP5-7_S90_L001_R1_001_noPrimers.fastq.gz,57266,56281,55467,51510,51380,47231,NP5,Plesne,Anoxic,Glucose,Labelled,24,25/07/2019,5,03/12/2019,13,5,7,1.805,FALSE,1855390.38,1.3732,1.810385113,47315,Heavy
Roey-187-NP5-8_S91,Roey-187-NP5-8_S91_L001_R1_001_noPrimers.fastq.gz,51091,50375,49786,47768,47688,46049,NP5,Plesne,Anoxic,Glucose,Labelled,24,25/07/2019,5,03/12/2019,13,5,8,1.8,FALSE,277760.06,1.373,1.804053568,46065,Heavy
Roey-188-NP5-9_S92,Roey-188-NP5-9_S92_L001_R1_001_noPrimers.fastq.gz,68175,67012,65930,59375,59295,51544,NP5,Plesne,Anoxic,Glucose,Labelled,24,25/07/2019,5,03/12/2019,13,5,9,1.795,FALSE,13124764,1.3728,1.797722024,51690,Heavy
Roey-189-NP5-10_S93,Roey-189-NP5-10_S93_L001_R1_001_noPrimers.fastq.gz,78965,77790,76793,68911,68836,59093,NP5,Plesne,Anoxic,Glucose,Labelled,24,25/07/2019,5,03/12/2019,13,5,10,1.7925,FALSE,10017526,1.3727,1.794556251,59245,Light
Roey-190-NP5-11_S94,Roey-190-NP5-11_S94_L001_R1_001_noPrimers.fastq.gz,84607,83252,82130,73901,73790,62783,NP5,Plesne,Anoxic,Glucose,Labelled,24,25/07/2019,5,03/12/2019,13,5,11,1.785,FALSE,11396517,1.3724,1.785058934,63002,Light
Roey-191-NP5-12_S95,Roey-191-NP5-12_S95_L001_R1_001_noPrimers.fastq.gz,70228,69112,68109,60559,60512,50591,NP5,Plesne,Anoxic,Glucose,Labelled,24,25/07/2019,5,03/12/2019,13,5,12,1.7825,FALSE,25613476,1.3723,1.781893161,50656,Light
Roey-192-NP5-13_S96,Roey-192-NP5-13_S96_L001_R1_001_noPrimers.fastq.gz,58145,57084,56088,49587,49558,41236,NP5,Plesne,Anoxic,Glucose,Labelled,24,25/07/2019,5,03/12/2019,13,5,13,1.78,FALSE,27696372,1.3722,1.778727389,41310,Light
Roey-193-NP5-14_S230,Roey-193-NP5-14_S230_L001_R1_001_noPrimers.fastq.gz,71663,70433,69219,60892,60857,49714,NP5,Plesne,Anoxic,Glucose,Labelled,24,25/07/2019,5,03/12/2019,13,5,14,1.775,FALSE,19895066,1.372,1.772395844,49921,Light
Roey-194-NP5-15_S231,Roey-194-NP5-15_S231_L001_R1_001_noPrimers.fastq.gz,59408,58370,57376,50972,50951,42854,NP5,Plesne,Anoxic,Glucose,Labelled,24,25/07/2019,5,03/12/2019,13,5,15,1.7725,FALSE,11379304,1.3719,1.769230072,42954,Light
Roey-195-NP5-16_S232,Roey-195-NP5-16_S232_L001_R1_001_noPrimers.fastq.gz,59190,58378,57696,53285,53259,48197,NP5,Plesne,Anoxic,Glucose,Labelled,24,25/07/2019,5,03/12/2019,14,5,16,1.7675,FALSE,1251160.25,1.3717,1.762898527,48324,Light
Roey-196-NP7-2_S233,Roey-196-NP7-2_S233_L001_R1_001_noPrimers.fastq.gz,10943,10756,10608,10253,10240,10044,NP7,Plesne,Anoxic,Glucose,Labelled,48,25/07/2019,5,04/12/2019,14,7,2,1.8275,FALSE,14030.18,1.3741,1.838877065,10046,Heavy
Roey-197-NP7-3_S234,Roey-197-NP7-3_S234_L001_R1_001_noPrimers.fastq.gz,49950,49083,48589,47338,47117,46259,NP7,Plesne,Anoxic,Glucose,Labelled,48,25/07/2019,5,04/12/2019,14,7,3,1.8225,FALSE,16639.56,1.3739,1.83254552,46260,Heavy
Roey-198-NP7-4_S235,Roey-198-NP7-4_S235_L001_R1_001_noPrimers.fastq.gz,5338,5255,5211,5054,5053,5012,NP7,Plesne,Anoxic,Glucose,Labelled,48,25/07/2019,5,04/12/2019,14,7,4,1.8175,FALSE,801.91,1.3737,1.826213976,5014,Heavy
Roey-199-NP7-5_S236,Roey-199-NP7-5_S236_L001_R1_001_noPrimers.fastq.gz,2078,2046,1996,1926,1916,1888,NP7,Plesne,Anoxic,Glucose,Labelled,48,25/07/2019,5,04/12/2019,14,7,5,1.815,FALSE,226.97,1.3736,1.823048203,1896,Heavy
Roey-200-NP7-6_S237,Roey-200-NP7-6_S237_L001_R1_001_noPrimers.fastq.gz,61546,60555,59863,57874,57703,55977,NP7,Plesne,Anoxic,Glucose,Labelled,48,25/07/2019,5,04/12/2019,14,7,6,1.81,FALSE,72732.67,1.3734,1.816716658,56031,Heavy
Roey-201-NP7-7_S238,Roey-201-NP7-7_S238_L001_R1_001_noPrimers.fastq.gz,62629,61602,60867,57953,57806,54831,NP7,Plesne,Anoxic,Glucose,Labelled,48,25/07/2019,5,04/12/2019,14,7,7,1.8025,FALSE,247033.53,1.3731,1.807219341,54898,Heavy
Roey-202-NP7-8_S239,Roey-202-NP7-8_S239_L001_R1_001_noPrimers.fastq.gz,64948,63782,62842,58524,58376,53471,NP7,Plesne,Anoxic,Glucose,Labelled,48,25/07/2019,5,04/12/2019,14,7,8,1.8,FALSE,1500648.5,1.373,1.804053568,53532,Heavy
Roey-203-NP7-9_S240,Roey-203-NP7-9_S240_L001_R1_001_noPrimers.fastq.gz,60439,59401,58379,52528,52396,45578,NP7,Plesne,Anoxic,Glucose,Labelled,48,25/07/2019,5,04/12/2019,14,7,9,1.795,FALSE,3196797,1.3728,1.797722024,45655,Heavy
Roey-204-NP7-10_S241,Roey-204-NP7-10_S241_L001_R1_001_noPrimers.fastq.gz,65229,63999,62904,56651,56555,48368,NP7,Plesne,Anoxic,Glucose,Labelled,48,25/07/2019,5,04/12/2019,14,7,10,1.79,FALSE,7498287.5,1.3726,1.791390479,48543,Light
Roey-205-NP7-11_S242,Roey-205-NP7-11_S242_L001_R1_001_noPrimers.fastq.gz,70818,69660,68571,61737,61653,52122,NP7,Plesne,Anoxic,Glucose,Labelled,48,25/07/2019,5,04/12/2019,14,7,11,1.785,FALSE,9902684,1.3724,1.785058934,52246,Light
Roey-206-NP7-12_S243,Roey-206-NP7-12_S243_L001_R1_001_noPrimers.fastq.gz,62365,61432,60599,56371,56329,50589,NP7,Plesne,Anoxic,Glucose,Labelled,48,25/07/2019,5,04/12/2019,14,7,12,1.7825,FALSE,2075432.5,1.3723,1.781893161,50722,Light
Roey-207-NP7-13_S244,Roey-207-NP7-13_S244_L001_R1_001_noPrimers.fastq.gz,64005,62840,61748,55174,55112,47041,NP7,Plesne,Anoxic,Glucose,Labelled,48,25/07/2019,5,04/12/2019,14,7,13,1.7775,FALSE,11322194,1.3721,1.775561616,47209,Light
Roey-208-NP7-14_S245,Roey-208-NP7-14_S245_L001_R1_001_noPrimers.fastq.gz,11328,11159,10988,9891,9886,8657,NP7,Plesne,Anoxic,Glucose,Labelled,48,25/07/2019,5,04/12/2019,14,7,14,1.7725,FALSE,14653104,1.3719,1.769230072,8684,Light
Roey-209-NP7-15_S246,Roey-209-NP7-15_S246_L001_R1_001_noPrimers.fastq.gz,74622,73307,72342,66603,66560,58333,NP7,Plesne,Anoxic,Glucose,Labelled,48,25/07/2019,5,04/12/2019,14,7,15,1.77,FALSE,6533822,1.3718,1.766064299,58591,Light
Roey-210-NP7-16_S247,Roey-210-NP7-16_S247_L001_R1_001_noPrimers.fastq.gz,17152,16868,16555,15185,15184,13458,NP7,Plesne,Anoxic,Glucose,Labelled,48,25/07/2019,5,04/12/2019,17,7,16,1.7675,FALSE,5224254,1.3717,1.762898527,13466,Light
Roey-211-NP10-5_S248,Roey-211-NP10-5_S248_L001_R1_001_noPrimers.fastq.gz,66244,65184,64508,62048,61707,60710,NP10,Plesne,Anoxic,Glucose,Labelled,216,25/07/2019,5,12/12/2019,16,10,5,1.83,FALSE,2548.6,1.3742,1.842042838,60790,Heavy
Roey-212-NP10-6_S249,Roey-212-NP10-6_S249_L001_R1_001_noPrimers.fastq.gz,75326,73784,72824,68896,67844,66381,NP10,Plesne,Anoxic,Glucose,Labelled,216,25/07/2019,5,11/12/2019,16,10,6,1.825,FALSE,80925.13,1.374,1.835711293,66421,Heavy
Roey-213-NP10-7_S250,Roey-213-NP10-7_S250_L001_R1_001_noPrimers.fastq.gz,62464,61380,60432,57257,57012,54779,NP10,Plesne,Anoxic,Glucose,Labelled,216,25/07/2019,5,11/12/2019,16,10,7,1.82,FALSE,280393.66,1.3738,1.829379748,54817,Heavy
Roey-214-NP10-8_S251,Roey-214-NP10-8_S251_L001_R1_001_noPrimers.fastq.gz,77648,76322,75444,70608,70311,67491,NP10,Plesne,Anoxic,Glucose,Labelled,216,25/07/2019,5,12/12/2019,16,10,8,1.8175,FALSE,67275.86,1.3737,1.826213976,67537,Heavy
Roey-215-NP10-9_S252,Roey-215-NP10-9_S252_L001_R1_001_noPrimers.fastq.gz,68056,67005,66158,63220,63061,61620,NP10,Plesne,Anoxic,Glucose,Labelled,216,25/07/2019,5,11/12/2019,16,10,9,1.8125,FALSE,74226.87,1.3735,1.819882431,61575,Heavy
Roey-216-NP10-10_S253,Roey-216-NP10-10_S253_L001_R1_001_noPrimers.fastq.gz,60160,59195,58455,53998,53869,50245,NP10,Plesne,Anoxic,Glucose,Labelled,216,25/07/2019,5,11/12/2019,16,10,10,1.8075,FALSE,797764.69,1.3733,1.813550886,50294,Heavy
Roey-217-NP10-11_S254,Roey-217-NP10-11_S254_L001_R1_001_noPrimers.fastq.gz,63875,62796,61835,55637,55517,49424,NP10,Plesne,Anoxic,Glucose,Labelled,216,25/07/2019,5,11/12/2019,17,10,11,1.8025,FALSE,2215409.5,1.3731,1.807219341,49443,Heavy
Roey-218-NP10-12_S255,Roey-218-NP10-12_S255_L001_R1_001_noPrimers.fastq.gz,66932,65907,64915,56253,56044,45631,NP10,Plesne,Anoxic,Glucose,Labelled,216,25/07/2019,5,12/12/2019,16,10,12,1.8,FALSE,13697511,1.373,1.804053568,45673,Heavy
Roey-219-NP10-13_S256,Roey-219-NP10-13_S256_L001_R1_001_noPrimers.fastq.gz,61852,60820,60184,55487,55412,52236,NP10,Plesne,Anoxic,Glucose,Labelled,216,25/07/2019,5,11/12/2019,16,10,13,1.795,FALSE,552453.5,1.3728,1.797722024,52316,Heavy
Roey-220-NP10-14_S257,Roey-220-NP10-14_S257_L001_R1_001_noPrimers.fastq.gz,69086,67997,67152,60171,60114,47094,NP10,Plesne,Anoxic,Glucose,Labelled,216,25/07/2019,5,11/12/2019,16,10,14,1.7925,FALSE,13169554,1.3727,1.794556251,47359,Light
Roey-221-NP10-15_S258,Roey-221-NP10-15_S258_L001_R1_001_noPrimers.fastq.gz,80642,79420,78524,70402,70275,58716,NP10,Plesne,Anoxic,Glucose,Labelled,216,25/07/2019,5,11/12/2019,16,10,15,1.7875,FALSE,3407203.75,1.3725,1.788224706,58948,Light
Roey-222-NP10-16_S259,Roey-222-NP10-16_S259_L001_R1_001_noPrimers.fastq.gz,71384,70244,69507,63583,63466,56266,NP10,Plesne,Anoxic,Glucose,Labelled,216,25/07/2019,5,11/12/2019,17,10,16,1.7825,FALSE,1054751.25,1.3723,1.781893161,56440,Light
Roey-223-NP10-17_S260,Roey-223-NP10-17_S260_L001_R1_001_noPrimers.fastq.gz,72976,71893,71364,67549,67495,60688,NP10,Plesne,Anoxic,Glucose,Labelled,216,25/07/2019,5,12/12/2019,17,10,17,1.78,FALSE,11939698,1.3722,1.778727389,60787,Light
Roey-224-NP10-18_S261,Roey-224-NP10-18_S261_L001_R1_001_noPrimers.fastq.gz,59354,58385,57793,54719,54631,53207,NP10,Plesne,Anoxic,Glucose,Labelled,216,25/07/2019,5,12/12/2019,16,10,18,1.775,FALSE,42827.86,1.372,1.772395844,53196,Light
Roey-225-NP10-19_S262,Roey-225-NP10-19_S262_L001_R1_001_noPrimers.fastq.gz,63430,62367,61604,57976,57891,54772,NP10,Plesne,Anoxic,Glucose,Labelled,216,25/07/2019,5,11/12/2019,16,10,19,1.77,FALSE,254582.61,1.3718,1.766064299,54892,Light
Roey-226-NP12-5_S263,Roey-226-NP12-5_S263_L001_R1_001_noPrimers.fastq.gz,67346,66214,65534,63159,62776,61690,NP12,Plesne,Anoxic,Glucose,Unlabelled,216,25/07/2019,5,11/12/2019,16,12,5,1.8275,FALSE,12227.66,1.3741,1.838877065,61721,Heavy
Roey-227-NP12-6_S264,Roey-227-NP12-6_S264_L001_R1_001_noPrimers.fastq.gz,70547,69376,68618,65245,64867,63054,NP12,Plesne,Anoxic,Glucose,Unlabelled,216,25/07/2019,5,11/12/2019,16,12,6,1.8225,FALSE,149750.73,1.3739,1.83254552,63095,Heavy
Roey-228-NP12-7_S265,Roey-228-NP12-7_S265_L001_R1_001_noPrimers.fastq.gz,63774,62431,61767,59528,59330,57071,NP12,Plesne,Anoxic,Glucose,Unlabelled,216,25/07/2019,5,11/12/2019,16,12,7,1.8175,FALSE,88412.95,1.3737,1.826213976,56909,Heavy
Roey-229-NP12-8_S266,Roey-229-NP12-8_S266_L001_R1_001_noPrimers.fastq.gz,64028,63033,62321,59484,59268,57434,NP12,Plesne,Anoxic,Glucose,Unlabelled,216,25/07/2019,5,11/12/2019,16,12,8,1.8125,FALSE,122287.52,1.3735,1.819882431,57485,Heavy
Roey-230-NP12-9_S267,Roey-230-NP12-9_S267_L001_R1_001_noPrimers.fastq.gz,61594,60589,59773,56646,56529,54519,NP12,Plesne,Anoxic,Glucose,Unlabelled,216,25/07/2019,5,11/12/2019,16,12,9,1.81,FALSE,169249.2,1.3734,1.816716658,54609,Heavy
Roey-231-NP12-10_S268,Roey-231-NP12-10_S268_L001_R1_001_noPrimers.fastq.gz,63377,62434,61586,56233,56154,51463,NP12,Plesne,Anoxic,Glucose,Unlabelled,216,25/07/2019,5,11/12/2019,16,12,10,1.805,FALSE,332882.22,1.3732,1.810385113,51586,Heavy
Roey-232-NP12-11_S269,Roey-232-NP12-11_S269_L001_R1_001_noPrimers.fastq.gz,60846,59899,59171,54660,54577,51090,NP12,Plesne,Anoxic,Glucose,Unlabelled,216,25/07/2019,5,11/12/2019,16,12,11,1.8,FALSE,265480.09,1.373,1.804053568,51165,Heavy
Roey-233-NP12-12_S270,Roey-233-NP12-12_S270_L001_R1_001_noPrimers.fastq.gz,63173,62209,61343,59028,58892,57730,NP12,Plesne,Anoxic,Glucose,Unlabelled,216,25/07/2019,5,11/12/2019,16,12,12,1.7975,FALSE,72953.98,1.3729,1.800887796,57780,Heavy
Roey-234-NP12-13_S271,Roey-234-NP12-13_S271_L001_R1_001_noPrimers.fastq.gz,35075,34545,34042,30487,30441,27295,NP12,Plesne,Anoxic,Glucose,Unlabelled,216,25/07/2019,5,11/12/2019,16,12,13,1.7925,FALSE,799962.38,1.3727,1.794556251,27347,Light
Roey-235-NP12-14_S272,Roey-235-NP12-14_S272_L001_R1_001_noPrimers.fastq.gz,70909,69789,68654,58923,58834,46609,NP12,Plesne,Anoxic,Glucose,Unlabelled,216,25/07/2019,5,11/12/2019,16,12,14,1.7875,FALSE,27237348,1.3725,1.788224706,46741,Light
Roey-236-NP12-15_S273,Roey-236-NP12-15_S273_L001_R1_001_noPrimers.fastq.gz,65301,64260,63386,56643,56595,48536,NP12,Plesne,Anoxic,Glucose,Unlabelled,216,25/07/2019,5,11/12/2019,16,12,15,1.785,FALSE,2183780,1.3724,1.785058934,48699,Light
Roey-237-NP12-16_S274,Roey-237-NP12-16_S274_L001_R1_001_noPrimers.fastq.gz,65063,64050,63302,60969,60865,59812,NP12,Plesne,Anoxic,Glucose,Unlabelled,216,25/07/2019,5,11/12/2019,16,12,16,1.7825,FALSE,16216.97,1.3723,1.781893161,59868,Light
Roey-238-NP12-17_S275,Roey-238-NP12-17_S275_L001_R1_001_noPrimers.fastq.gz,68761,67795,67040,62407,62308,58948,NP12,Plesne,Anoxic,Glucose,Unlabelled,216,25/07/2019,5,11/12/2019,16,12,17,1.7775,FALSE,252649.7,1.3721,1.775561616,59006,Light
Roey-239-NP12-18_S276,Roey-239-NP12-18_S276_L001_R1_001_noPrimers.fastq.gz,70620,69563,68804,65452,65418,63378,NP12,Plesne,Anoxic,Glucose,Unlabelled,216,25/07/2019,5,11/12/2019,16,12,18,1.7725,FALSE,149612.83,1.3719,1.769230072,63489,Light
Roey-240-NP12-19_S277,Roey-240-NP12-19_S277_L001_R1_001_noPrimers.fastq.gz,68037,66979,66357,62464,62417,59182,NP12,Plesne,Anoxic,Glucose,Unlabelled,216,25/07/2019,5,11/12/2019,17,12,19,1.7675,FALSE,176692.94,1.3717,1.762898527,59268,Light
Roey-241-NC3-2_S278,Roey-241-NC3-2_S278_L001_R1_001_noPrimers.fastq.gz,65516,64188,63605,61149,60912,58783,NC3,Certovo,Anoxic,Glucose,Labelled,12,26/07/2019,6,12/12/2019,17,3,2,1.83,FALSE,307085.41,1.3742,1.842042838,58678,Heavy
Roey-242-NC3-3_S279,Roey-242-NC3-3_S279_L001_R1_001_noPrimers.fastq.gz,68286,67049,66376,63813,63673,61012,NC3,Certovo,Anoxic,Glucose,Labelled,12,26/07/2019,6,12/12/2019,17,3,3,1.825,FALSE,1107025.49,1.374,1.835711293,61038,Heavy
Roey-243-NC3-4_S280,Roey-243-NC3-4_S280_L001_R1_001_noPrimers.fastq.gz,60011,58956,58493,56650,56584,55566,NC3,Certovo,Anoxic,Glucose,Labelled,12,26/07/2019,6,12/12/2019,17,3,4,1.82,FALSE,3330053.08,1.3738,1.829379748,55580,Heavy
Roey-244-NC3-5_S281,Roey-244-NC3-5_S281_L001_R1_001_noPrimers.fastq.gz,60568,59409,58735,55903,55859,53046,NC3,Certovo,Anoxic,Glucose,Labelled,12,26/07/2019,6,12/12/2019,17,3,5,1.815,FALSE,7800083.09,1.3736,1.823048203,53082,Heavy
Roey-245-NC3-6_S282,Roey-245-NC3-6_S282_L001_R1_001_noPrimers.fastq.gz,72433,71232,70538,66654,66463,61745,NC3,Certovo,Anoxic,Glucose,Labelled,12,26/07/2019,6,12/12/2019,17,3,6,1.81,FALSE,5003069.13,1.3734,1.816716658,61717,Heavy
Roey-246-NC3-7_S283,Roey-246-NC3-7_S283_L001_R1_001_noPrimers.fastq.gz,72841,71460,70651,66713,66639,61816,NC3,Certovo,Anoxic,Glucose,Labelled,12,26/07/2019,6,12/12/2019,17,3,7,1.8075,FALSE,5005634.5,1.3733,1.813550886,61887,Heavy
Roey-247-NC3-8_S284,Roey-247-NC3-8_S284_L001_R1_001_noPrimers.fastq.gz,68397,67200,66299,58223,58183,46744,NC3,Certovo,Anoxic,Glucose,Labelled,12,26/07/2019,6,12/12/2019,17,3,8,1.8025,FALSE,3040802.36,1.3731,1.807219341,46699,Heavy
Roey-248-NC3-9_S285,Roey-248-NC3-9_S285_L001_R1_001_noPrimers.fastq.gz,60305,59324,58467,51704,51686,42260,NC3,Certovo,Anoxic,Glucose,Labelled,12,26/07/2019,6,12/12/2019,17,3,9,1.8,FALSE,1908015.7,1.373,1.804053568,42257,Heavy
Roey-249-NC3-10_S286,Roey-249-NC3-10_S286_L001_R1_001_noPrimers.fastq.gz,64691,63619,62840,57170,57133,49812,NC3,Certovo,Anoxic,Glucose,Labelled,12,26/07/2019,6,12/12/2019,17,3,10,1.795,FALSE,1026705.74,1.3728,1.797722024,49799,Heavy
Roey-250-NC3-11_S287,Roey-250-NC3-11_S287_L001_R1_001_noPrimers.fastq.gz,62619,61507,60529,53853,53678,46823,NC3,Certovo,Anoxic,Glucose,Labelled,12,26/07/2019,6,12/12/2019,17,3,11,1.7925,FALSE,3065090.32,1.3727,1.794556251,46794,Light
Roey-251-NC3-12_S288,Roey-251-NC3-12_S288_L001_R1_001_noPrimers.fastq.gz,61730,60644,59906,55062,54833,49879,NC3,Certovo,Anoxic,Glucose,Labelled,12,26/07/2019,6,12/12/2019,17,3,12,1.7875,FALSE,5040076.19,1.3725,1.788224706,49803,Light
Roey-252-NC3-13_S289,Roey-252-NC3-13_S289_L001_R1_001_noPrimers.fastq.gz,64528,63380,62575,57988,57677,52908,NC3,Certovo,Anoxic,Glucose,Labelled,12,26/07/2019,6,12/12/2019,17,3,13,1.78,FALSE,4020909.61,1.3722,1.778727389,52883,Light
Roey-253-NC3-14_S290,Roey-253-NC3-14_S290_L001_R1_001_noPrimers.fastq.gz,65836,64642,63941,60973,60601,57989,NC3,Certovo,Anoxic,Glucose,Labelled,12,26/07/2019,6,12/12/2019,17,3,14,1.7775,FALSE,4041011.89,1.3721,1.775561616,58005,Light
Roey-254-NC3-15_S291,Roey-254-NC3-15_S291_L001_R1_001_noPrimers.fastq.gz,64899,63823,63360,60528,60156,58324,NC3,Certovo,Anoxic,Glucose,Labelled,12,26/07/2019,6,12/12/2019,17,3,15,1.7725,FALSE,4042408.29,1.3719,1.769230072,58324,Light
Roey-255-NC3-16_S292,Roey-255-NC3-16_S292_L001_R1_001_noPrimers.fastq.gz,1863,1754,1691,1006,1001,975,NC3,Certovo,Anoxic,Glucose,Labelled,12,26/07/2019,6,12/12/2019,15,3,16,1.77,FALSE,1500196.8,1.3718,1.766064299,977,Light
Roey-256-NC5-5_S293,Roey-256-NC5-5_S293_L001_R1_001_noPrimers.fastq.gz,74423,73223,72227,70255,70156,67563,NC5,Certovo,Anoxic,Glucose,Labelled,24,26/07/2019,6,11/12/2019,15,5,5,1.825,FALSE,1028.62,1.374,1.835711293,67508,Heavy
Roey-257-NC5-6_S294,Roey-257-NC5-6_S294_L001_R1_001_noPrimers.fastq.gz,62193,61211,60617,58452,58366,56005,NC5,Certovo,Anoxic,Glucose,Labelled,24,26/07/2019,6,11/12/2019,15,5,6,1.82,FALSE,58524.45,1.3738,1.829379748,55984,Heavy
Roey-258-NC5-7_S295,Roey-258-NC5-7_S295_L001_R1_001_noPrimers.fastq.gz,66566,65012,64299,60757,60632,56609,NC5,Certovo,Anoxic,Glucose,Labelled,24,26/07/2019,6,11/12/2019,15,5,7,1.8175,FALSE,349057.88,1.3737,1.826213976,56863,Heavy
Roey-259-NC5-8_S296,Roey-259-NC5-8_S296_L001_R1_001_noPrimers.fastq.gz,73549,72276,71451,67141,67090,61223,NC5,Certovo,Anoxic,Glucose,Labelled,24,26/07/2019,6,11/12/2019,15,5,8,1.8125,FALSE,616644.69,1.3735,1.819882431,61231,Heavy
Roey-260-NC5-9_S297,Roey-260-NC5-9_S297_L001_R1_001_noPrimers.fastq.gz,63823,62720,61972,56894,56817,49554,NC5,Certovo,Anoxic,Glucose,Labelled,24,26/07/2019,6,11/12/2019,15,5,9,1.81,FALSE,2129711.5,1.3734,1.816716658,49540,Heavy
Roey-261-NC5-10_S298,Roey-261-NC5-10_S298_L001_R1_001_noPrimers.fastq.gz,64402,63159,62600,61055,61013,58523,NC5,Certovo,Anoxic,Glucose,Labelled,24,26/07/2019,6,11/12/2019,15,5,10,1.805,FALSE,20159.61,1.3732,1.810385113,58454,Heavy
Roey-262-NC5-11_S299,Roey-262-NC5-11_S299_L001_R1_001_noPrimers.fastq.gz,60772,59671,58928,53298,53256,44415,NC5,Certovo,Anoxic,Glucose,Labelled,24,26/07/2019,6,11/12/2019,15,5,11,1.8,FALSE,10507783,1.373,1.804053568,44373,Heavy
Roey-263-NC5-12_S300,Roey-263-NC5-12_S300_L001_R1_001_noPrimers.fastq.gz,74340,72757,71793,64693,64461,49916,NC5,Certovo,Anoxic,Glucose,Labelled,24,26/07/2019,6,11/12/2019,15,5,12,1.795,FALSE,72470448,1.3728,1.797722024,50108,Heavy
Roey-264-NC5-13_S301,Roey-264-NC5-13_S301_L001_R1_001_noPrimers.fastq.gz,61132,60047,59280,52594,52503,40601,NC5,Certovo,Anoxic,Glucose,Labelled,24,26/07/2019,6,11/12/2019,15,5,13,1.79,FALSE,79065152,1.3726,1.791390479,40599,Light
Roey-265-NC5-14_S302,Roey-265-NC5-14_S302_L001_R1_001_noPrimers.fastq.gz,55996,54920,54008,46606,46554,35034,NC5,Certovo,Anoxic,Glucose,Labelled,24,26/07/2019,6,11/12/2019,15,5,14,1.785,FALSE,72010280,1.3724,1.785058934,35081,Light
Roey-266-NC5-15_S303,Roey-266-NC5-15_S303_L001_R1_001_noPrimers.fastq.gz,66881,65598,64620,55698,55687,43559,NC5,Certovo,Anoxic,Glucose,Labelled,24,26/07/2019,6,11/12/2019,15,5,15,1.7825,FALSE,5568521,1.3723,1.781893161,43661,Light
Roey-267-NC5-16_S304,Roey-267-NC5-16_S304_L001_R1_001_noPrimers.fastq.gz,70170,68894,68126,61603,61554,49767,NC5,Certovo,Anoxic,Glucose,Labelled,24,26/07/2019,6,11/12/2019,15,5,16,1.7775,FALSE,21379714,1.3721,1.775561616,49847,Light
Roey-268-NC5-17_S305,Roey-268-NC5-17_S305_L001_R1_001_noPrimers.fastq.gz,32802,32225,31869,29974,29906,28426,NC5,Certovo,Anoxic,Glucose,Labelled,24,26/07/2019,6,11/12/2019,15,5,17,1.775,FALSE,78064.4,1.372,1.772395844,28412,Light
Roey-269-NC5-18_S306,Roey-269-NC5-18_S306_L001_R1_001_noPrimers.fastq.gz,61029,60035,59312,57099,57076,54982,NC5,Certovo,Anoxic,Glucose,Labelled,24,26/07/2019,6,11/12/2019,15,5,18,1.7725,FALSE,77316.21,1.3719,1.769230072,55016,Light
Roey-270-NC5-19_S307,Roey-270-NC5-19_S307_L001_R1_001_noPrimers.fastq.gz,60439,59317,58694,55051,55017,50679,NC5,Certovo,Anoxic,Glucose,Labelled,24,26/07/2019,6,11/12/2019,15,5,19,1.765,FALSE,559733.88,1.3716,1.759732754,50363,Light
Roey-271-NC8-5_S308,Roey-271-NC8-5_S308_L001_R1_001_noPrimers.fastq.gz,57702,56442,55827,51704,51656,48382,NC8,Certovo,Anoxic,Glucose,Labelled,48,26/07/2019,6,11/12/2019,15,8,5,1.825,FALSE,384795.22,1.374,1.835711293,48189,Heavy
Roey-272-NC8-6_S309,Roey-272-NC8-6_S309_L001_R1_001_noPrimers.fastq.gz,62691,61490,60703,55968,55896,51559,NC8,Certovo,Anoxic,Glucose,Labelled,48,26/07/2019,6,11/12/2019,15,8,6,1.8225,FALSE,893403.38,1.3739,1.83254552,51621,Heavy
Roey-273-NC8-7_S310,Roey-273-NC8-7_S310_L001_R1_001_noPrimers.fastq.gz,53243,52185,51543,47778,47746,43735,NC8,Certovo,Anoxic,Glucose,Labelled,48,26/07/2019,6,11/12/2019,15,8,7,1.815,FALSE,717382.38,1.3736,1.823048203,43704,Heavy
Roey-274-NC8-8_S311,Roey-274-NC8-8_S311_L001_R1_001_noPrimers.fastq.gz,58146,56984,56103,49787,49673,41802,NC8,Certovo,Anoxic,Glucose,Labelled,48,26/07/2019,6,11/12/2019,15,8,8,1.8125,FALSE,1716287.25,1.3735,1.819882431,41741,Heavy
Roey-275-NC8-9_S312,Roey-275-NC8-9_S312_L001_R1_001_noPrimers.fastq.gz,57394,56335,55511,49500,49479,41090,NC8,Certovo,Anoxic,Glucose,Labelled,48,26/07/2019,6,11/12/2019,15,8,9,1.8075,FALSE,7095554.5,1.3733,1.813550886,41152,Heavy
Roey-276-NC8-10_S313,Roey-276-NC8-10_S313_L001_R1_001_noPrimers.fastq.gz,61376,60153,59420,55725,55720,50288,NC8,Certovo,Anoxic,Glucose,Labelled,48,26/07/2019,6,11/12/2019,15,8,10,1.805,FALSE,459312.5,1.3732,1.810385113,50189,Heavy
Roey-277-NC8-11_S314,Roey-277-NC8-11_S314_L001_R1_001_noPrimers.fastq.gz,67428,66204,65221,58800,58775,46601,NC8,Certovo,Anoxic,Glucose,Labelled,48,26/07/2019,6,11/12/2019,15,8,11,1.8,FALSE,17693458,1.373,1.804053568,46645,Heavy
Roey-278-NC8-12_S315,Roey-278-NC8-12_S315_L001_R1_001_noPrimers.fastq.gz,69497,68282,67571,62102,62071,50232,NC8,Certovo,Anoxic,Glucose,Labelled,48,26/07/2019,6,11/12/2019,15,8,12,1.7975,FALSE,10265386,1.3729,1.800887796,50257,Heavy
Roey-279-NC8-13_S316,Roey-279-NC8-13_S316_L001_R1_001_noPrimers.fastq.gz,81283,79977,79235,75018,75005,69074,NC8,Certovo,Anoxic,Glucose,Labelled,48,26/07/2019,6,11/12/2019,15,8,13,1.7925,FALSE,362317.03,1.3727,1.794556251,68939,Light
Roey-280-NC8-14_S317,Roey-280-NC8-14_S317_L001_R1_001_noPrimers.fastq.gz,72390,71145,70463,65185,65165,52644,NC8,Certovo,Anoxic,Glucose,Labelled,48,26/07/2019,6,11/12/2019,15,8,14,1.7875,FALSE,9638682,1.3725,1.788224706,52622,Light
Roey-281-NC8-15_S318,Roey-281-NC8-15_S318_L001_R1_001_noPrimers.fastq.gz,57164,56186,55505,50166,50151,39141,NC8,Certovo,Anoxic,Glucose,Labelled,48,26/07/2019,6,12/12/2019,15,8,15,1.785,FALSE,57291340,1.3724,1.785058934,39118,Light
Roey-282-NC8-16_S319,Roey-282-NC8-16_S319_L001_R1_001_noPrimers.fastq.gz,58708,57598,56601,48916,48786,36107,NC8,Certovo,Anoxic,Glucose,Labelled,48,26/07/2019,6,11/12/2019,15,8,16,1.78,FALSE,111975688,1.3722,1.778727389,36265,Light
Roey-283-NC8-17_S320,Roey-283-NC8-17_S320_L001_R1_001_noPrimers.fastq.gz,62250,61004,60095,52815,52750,40162,NC8,Certovo,Anoxic,Glucose,Labelled,48,26/07/2019,6,11/12/2019,15,8,17,1.775,FALSE,52042052,1.372,1.772395844,40207,Light
Roey-284-NC8-18_S321,Roey-284-NC8-18_S321_L001_R1_001_noPrimers.fastq.gz,65920,64508,63861,58113,58095,47502,NC8,Certovo,Anoxic,Glucose,Labelled,48,26/07/2019,6,11/12/2019,15,8,18,1.7725,FALSE,3571167.75,1.3719,1.769230072,47464,Light
Roey-285-NC8-19_S322,Roey-285-NC8-19_S322_L001_R1_001_noPrimers.fastq.gz,60713,59632,59016,55089,55083,49167,NC8,Certovo,Anoxic,Glucose,Labelled,48,26/07/2019,6,11/12/2019,15,8,19,1.7675,FALSE,1040971.44,1.3717,1.762898527,49073,Light
Roey-286-NC10-4_S323,Roey-286-NC10-4_S323_L001_R1_001_noPrimers.fastq.gz,70183,68756,68023,64053,63856,59730,NC10,Certovo,Anoxic,Glucose,Unlabelled,216,26/07/2019,6,11/12/2019,15,10,4,1.8275,FALSE,435907.88,1.3741,1.838877065,59800,Heavy
Roey-287-NC10-5_S324,Roey-287-NC10-5_S324_L001_R1_001_noPrimers.fastq.gz,58412,57083,56266,51339,51246,45990,NC10,Certovo,Anoxic,Glucose,Unlabelled,216,26/07/2019,6,11/12/2019,14,10,5,1.8225,FALSE,778494.19,1.3739,1.83254552,45989,Heavy
Roey-288-NC10-6_S325,Roey-288-NC10-6_S325_L001_R1_001_noPrimers.fastq.gz,56031,54878,54176,49218,49109,43294,NC10,Certovo,Anoxic,Glucose,Unlabelled,216,26/07/2019,6,09/12/2019,14,10,6,1.82,FALSE,1381364.75,1.3738,1.829379748,43330,Heavy
Roey-289-NC10-7_S97,Roey-289-NC10-7_S97_L001_R1_001_noPrimers.fastq.gz,61789,60706,59924,54067,53949,46607,NC10,Certovo,Anoxic,Glucose,Unlabelled,216,26/07/2019,6,09/12/2019,17,10,7,1.815,FALSE,1302602.63,1.3736,1.823048203,46641,Heavy
Roey-290-NC10-8_S98,Roey-290-NC10-8_S98_L001_R1_001_noPrimers.fastq.gz,10614,10420,10225,9235,9224,8526,NC10,Certovo,Anoxic,Glucose,Unlabelled,216,26/07/2019,6,12/12/2019,17,10,8,1.81,FALSE,10207761,1.3734,1.816716658,8521,Heavy
Roey-291-NC10-9_S99,Roey-291-NC10-9_S99_L001_R1_001_noPrimers.fastq.gz,42844,42089,41582,37443,37434,32044,NC10,Certovo,Anoxic,Glucose,Unlabelled,216,26/07/2019,6,12/12/2019,17,10,9,1.805,FALSE,9167920,1.3732,1.810385113,32076,Heavy
Roey-292-NC10-10_S100,Roey-292-NC10-10_S100_L001_R1_001_noPrimers.fastq.gz,60774,59692,59004,55384,55348,49942,NC10,Certovo,Anoxic,Glucose,Unlabelled,216,26/07/2019,6,12/12/2019,17,10,10,1.8025,FALSE,4713731,1.3731,1.807219341,49924,Heavy
Roey-293-NC10-11_S101,Roey-293-NC10-11_S101_L001_R1_001_noPrimers.fastq.gz,62044,60986,60277,56144,56135,49506,NC10,Certovo,Anoxic,Glucose,Unlabelled,216,26/07/2019,6,12/12/2019,17,10,11,1.7975,FALSE,53140456,1.3729,1.800887796,49514,Heavy
Roey-294-NC10-12_S102,Roey-294-NC10-12_S102_L001_R1_001_noPrimers.fastq.gz,58835,57733,56982,54254,54245,50296,NC10,Certovo,Anoxic,Glucose,Unlabelled,216,26/07/2019,6,12/12/2019,17,10,12,1.7925,FALSE,69092616,1.3727,1.794556251,50278,Light
Roey-295-NC10-13_S103,Roey-295-NC10-13_S103_L001_R1_001_noPrimers.fastq.gz,58708,57660,56969,54202,54184,50421,NC10,Certovo,Anoxic,Glucose,Unlabelled,216,26/07/2019,6,12/12/2019,17,10,13,1.79,FALSE,187819536,1.3726,1.791390479,50513,Light
Roey-296-NC10-14_S104,Roey-296-NC10-14_S104_L001_R1_001_noPrimers.fastq.gz,47023,46267,45756,43404,43390,40421,NC10,Certovo,Anoxic,Glucose,Unlabelled,216,26/07/2019,6,12/12/2019,17,10,14,1.785,FALSE,19612668,1.3724,1.785058934,40409,Light
Roey-297-NC10-15_S105,Roey-297-NC10-15_S105_L001_R1_001_noPrimers.fastq.gz,54998,54003,53300,50731,50717,47563,NC10,Certovo,Anoxic,Glucose,Unlabelled,216,26/07/2019,6,12/12/2019,17,10,15,1.7825,FALSE,143022976,1.3723,1.781893161,47601,Light
Roey-298-NC10-16_S106,Roey-298-NC10-16_S106_L001_R1_001_noPrimers.fastq.gz,65979,64865,64040,57021,57008,46466,NC10,Certovo,Anoxic,Glucose,Unlabelled,216,26/07/2019,6,12/12/2019,17,10,16,1.7775,FALSE,79708880,1.3721,1.775561616,46489,Light
Roey-299-NC10-17_S107,Roey-299-NC10-17_S107_L001_R1_001_noPrimers.fastq.gz,53749,52790,52061,46624,46616,38697,NC10,Certovo,Anoxic,Glucose,Unlabelled,216,26/07/2019,6,12/12/2019,17,10,17,1.775,FALSE,11871996,1.372,1.772395844,38714,Light
Roey-300-NC10-18_S108,Roey-300-NC10-18_S108_L001_R1_001_noPrimers.fastq.gz,53766,52777,51948,48121,48114,41548,NC10,Certovo,Anoxic,Glucose,Unlabelled,216,26/07/2019,6,12/12/2019,18,10,18,1.7675,FALSE,12486475,1.3717,1.762898527,41618,Light
Roey-301-NC12-4_S109,Roey-301-NC12-4_S109_L001_R1_001_noPrimers.fastq.gz,62097,60998,60453,58893,58849,56897,NC12,Certovo,Anoxic,Glucose,Labelled,216,26/07/2019,6,13/12/2019,18,12,4,1.8275,FALSE,335907.88,1.3741,1.838877065,56846,Heavy
Roey-302-NC12-5_S110,Roey-302-NC12-5_S110_L001_R1_001_noPrimers.fastq.gz,68124,66989,66445,64353,64320,61928,NC12,Certovo,Anoxic,Glucose,Labelled,216,26/07/2019,6,13/12/2019,18,12,5,1.8225,FALSE,678494.19,1.3739,1.83254552,61932,Heavy
Roey-303-NC12-6_S111,Roey-303-NC12-6_S111_L001_R1_001_noPrimers.fastq.gz,65815,64633,64052,62236,62201,60137,NC12,Certovo,Anoxic,Glucose,Labelled,216,26/07/2019,6,13/12/2019,18,12,6,1.8175,FALSE,1262572.75,1.3737,1.826213976,60172,Heavy
Roey-304-NC12-7_S112,Roey-304-NC12-7_S112_L001_R1_001_noPrimers.fastq.gz,60496,59516,58930,57140,57116,54839,NC12,Certovo,Anoxic,Glucose,Labelled,216,26/07/2019,6,13/12/2019,18,12,7,1.81,FALSE,2302602.63,1.3734,1.816716658,54857,Heavy
Roey-305-NC12-8_S113,Roey-305-NC12-8_S113_L001_R1_001_noPrimers.fastq.gz,57340,56271,55681,53201,53173,50267,NC12,Certovo,Anoxic,Glucose,Labelled,216,26/07/2019,6,13/12/2019,18,12,8,1.8025,FALSE,19325561,1.3731,1.807219341,50248,Heavy
Roey-306-NC12-9_S114,Roey-306-NC12-9_S114_L001_R1_001_noPrimers.fastq.gz,69930,68520,67588,64004,63982,58741,NC12,Certovo,Anoxic,Glucose,Labelled,216,26/07/2019,6,13/12/2019,18,12,9,1.8,FALSE,10167920,1.373,1.804053568,58716,Heavy
Roey-307-NC12-10_S115,Roey-307-NC12-10_S115_L001_R1_001_noPrimers.fastq.gz,68605,67376,66717,63446,63432,58529,NC12,Certovo,Anoxic,Glucose,Labelled,216,26/07/2019,6,13/12/2019,18,12,10,1.7975,FALSE,4602631,1.3729,1.800887796,58547,Heavy
Roey-308-NC12-11_S116,Roey-308-NC12-11_S116_L001_R1_001_noPrimers.fastq.gz,74607,73101,72116,68118,68108,61655,NC12,Certovo,Anoxic,Glucose,Labelled,216,26/07/2019,6,13/12/2019,19,12,11,1.7925,FALSE,42039346,1.3727,1.794556251,61741,Light
Roey-309-NC12-12_S117,Roey-309-NC12-12_S117_L001_R1_001_noPrimers.fastq.gz,66373,65064,64136,60594,60588,55191,NC12,Certovo,Anoxic,Glucose,Labelled,216,26/07/2019,6,16/12/2019,19,12,12,1.7875,FALSE,68981505,1.3725,1.788224706,55224,Light
Roey-310-NC12-13_S118,Roey-310-NC12-13_S118_L001_R1_001_noPrimers.fastq.gz,82145,80518,79685,76294,76272,71289,NC12,Certovo,Anoxic,Glucose,Labelled,216,26/07/2019,6,16/12/2019,19,12,13,1.7825,FALSE,176709538,1.3723,1.781893161,71245,Light
Roey-311-NC12-14_S119,Roey-311-NC12-14_S119_L001_R1_001_noPrimers.fastq.gz,61653,60556,59942,57400,57399,53626,NC12,Certovo,Anoxic,Glucose,Labelled,216,26/07/2019,6,16/12/2019,19,12,14,1.78,FALSE,189501557,1.3722,1.778727389,53696,Light
Roey-312-NC12-15_S120,Roey-312-NC12-15_S120_L001_R1_001_noPrimers.fastq.gz,60883,59723,59097,57218,57210,54928,NC12,Certovo,Anoxic,Glucose,Labelled,216,26/07/2019,6,16/12/2019,19,12,15,1.775,FALSE,132911865,1.372,1.772395844,54971,Light
Roey-313-NC12-16_S121,Roey-313-NC12-16_S121_L001_R1_001_noPrimers.fastq.gz,59265,58132,57488,55760,55752,53747,NC12,Certovo,Anoxic,Glucose,Labelled,216,26/07/2019,6,16/12/2019,19,12,16,1.7725,FALSE,78697779,1.3719,1.769230072,53843,Light
Roey-314-NC12-17_S122,Roey-314-NC12-17_S122_L001_R1_001_noPrimers.fastq.gz,52032,51045,50501,48702,48698,46696,NC12,Certovo,Anoxic,Glucose,Labelled,216,26/07/2019,6,16/12/2019,19,12,17,1.7675,FALSE,21871996,1.3717,1.762898527,46764,Light
Roey-315-NC12-18_S123,Roey-315-NC12-18_S123_L001_R1_001_noPrimers.fastq.gz,58128,57090,56478,55121,55119,53566,NC12,Certovo,Anoxic,Glucose,Labelled,216,26/07/2019,6,16/12/2019,20,12,18,1.7625,FALSE,21597564,1.3715,1.756566982,53523,Light
Roey-316-Mock-NC_S124,Roey-316-Mock-NC_S124_L001_R1_001_noPrimers.fastq.gz,63980,62982,62719,62478,62474,60559,Mock,Mock,NA,NA,NA,NA,NA,NA,04/12/2019,NA,NA,NA,NA,FALSE,1,NA,NA,60841,NA
Roey-317-SIP-1-NC_S125,Roey-317-SIP-1-NC_S125_L001_R1_001_noPrimers.fastq.gz,30934,27285,26964,16105,16105,10878,NC_sip1,NC_sip1,NA,NA,NA,NA,26/07/2019,6,04/12/2019,NA,NA,NA,NA,TRUE,1,NA,NA,9974,NA
Roey-318-SIP-2-NC_S126,Roey-318-SIP-2-NC_S126_L001_R1_001_noPrimers.fastq.gz,25494,22932,22800,9561,9561,6108,NC_sip2,NC_sip2,NA,NA,NA,NA,26/07/2019,6,04/12/2019,NA,NA,NA,NA,TRUE,1,NA,NA,6899,NA
Roey-319-28X-NC_S127,Roey-319-28X-NC_S127_L001_R1_001_noPrimers.fastq.gz,58582,57472,56968,54704,54089,52891,28X,28X,NA,NA,NA,NA,NA,NA,04/12/2019,NA,NA,NA,NA,TRUE,1,NA,NA,52849,NA
Roey-320-30X-NC_S128,Roey-320-30X-NC_S128_L001_R1_001_noPrimers.fastq.gz,37404,32975,32598,12980,12980,8292,30X,30X,NA,NA,NA,NA,NA,NA,04/12/2019,NA,NA,NA,NA,TRUE,1,NA,NA,10228,NA
Roey-321-32X-NC_S129,Roey-321-32X-NC_S129_L001_R1_001_noPrimers.fastq.gz,11808,10286,10105,3155,3155,3155,32X,32X,NA,NA,NA,NA,NA,NA,04/12/2019,NA,NA,NA,NA,TRUE,1,NA,NA,2747,NA
Roey001-AP3-14_S153,Roey001-AP3-14_S153_L001_R1_001_noPrimers.fastq.gz,62826,62144,61557,56158,56125,50346,AP3,Plesne,Oxic,Glucose,Labelled,12,11/07/2019,7,19/02/2020,NA,3,14,1.7825,FALSE,14190331,1.3723,1.781893161,50346,Light
Roey002-AP5-18_S154,Roey002-AP5-18_S154_L001_R1_001_noPrimers.fastq.gz,49579,49042,48725,45539,45529,42815,AP5,Plesne,Oxic,Glucose,Labelled,24,11/07/2019,7,19/02/2020,NA,5,18,1.765,FALSE,849601.63,1.3716,1.759732754,42815,Light
Roey003-AP9-15_S155,Roey003-AP9-15_S155_L001_R1_001_noPrimers.fastq.gz,50899,50364,50085,47186,47176,44342,AP9,Plesne,Oxic,Glucose,Labelled,72,12/07/2019,8,19/02/2020,NA,9,15,1.7825,FALSE,7218980.5,1.3723,1.781893161,44342,Light
Roey004-AP12-3_S156,Roey004-AP12-3_S156_L001_R1_001_noPrimers.fastq.gz,30269,29899,29528,28115,27902,27228,AP12,Plesne,Oxic,Glucose,Unlabelled,72,12/07/2019,8,20/02/2020,NA,12,3,1.795,FALSE,98809.04,1.3734,1.816716658,27228,Heavy
Roey005-AP12-4_S157,Roey005-AP12-4_S157_L001_R1_001_noPrimers.fastq.gz,35841,35393,35007,33223,32694,31843,AP12,Plesne,Oxic,Glucose,Unlabelled,72,12/07/2019,8,20/02/2020,NA,12,4,1.81,FALSE,281084,1.3733,1.813550886,31843,Heavy
Roey006-AP12-5_S158,Roey006-AP12-5_S158_L001_R1_001_noPrimers.fastq.gz,27425,27103,26821,25861,25650,25013,AP12,Plesne,Oxic,Glucose,Unlabelled,72,12/07/2019,8,24/02/2020,NA,12,5,1.8075,FALSE,282566.13,1.3731,1.807219341,25013,Heavy
Roey007-AP12-6_S159,Roey007-AP12-6_S159_L001_R1_001_noPrimers.fastq.gz,56305,55644,55235,51777,51316,48084,AP12,Plesne,Oxic,Glucose,Unlabelled,72,12/07/2019,8,24/02/2020,NA,12,6,1.8025,FALSE,233653.83,1.3729,1.800887796,48084,Heavy
Roey008-AP12-7_S160,Roey008-AP12-7_S160_L001_R1_001_noPrimers.fastq.gz,47837,47278,46898,44232,44002,41799,AP12,Plesne,Oxic,Glucose,Unlabelled,72,12/07/2019,8,20/02/2020,NA,12,7,1.7975,FALSE,228649.44,1.3728,1.797722024,41799,Heavy
Roey009-AP12-8_S161,Roey009-AP12-8_S161_L001_R1_001_noPrimers.fastq.gz,44821,44287,43935,41088,40938,38461,AP12,Plesne,Oxic,Glucose,Unlabelled,72,12/07/2019,8,20/02/2020,NA,12,8,1.795,FALSE,3569482,1.3726,1.791390479,38461,Light
Roey010-AP12-9_S162,Roey010-AP12-9_S162_L001_R1_001_noPrimers.fastq.gz,50545,49935,49599,46711,46613,43673,AP12,Plesne,Oxic,Glucose,Unlabelled,72,12/07/2019,8,20/02/2020,NA,12,9,1.79,FALSE,3367357.25,1.3724,1.785058934,43673,Light
Roey011-AP12-10_S163,Roey011-AP12-10_S163_L001_R1_001_noPrimers.fastq.gz,47321,46853,46573,43965,43904,41193,AP12,Plesne,Oxic,Glucose,Unlabelled,72,12/07/2019,8,20/02/2020,NA,12,10,1.785,FALSE,4424888,1.3723,1.781893161,41193,Light
Roey012-AP12-12_S164,Roey012-AP12-12_S164_L001_R1_001_noPrimers.fastq.gz,65750,64970,64452,58814,58783,51570,AP12,Plesne,Oxic,Glucose,Unlabelled,72,12/07/2019,8,20/02/2020,NA,12,12,1.78,FALSE,1975232.63,1.3719,1.769230072,51570,Light
Roey013-AC3-5_S165,Roey013-AC3-5_S165_L001_R1_001_noPrimers.fastq.gz,6171,6063,6013,5562,5538,5186,AC3,Certovo,Oxic,Glucose,Labelled,12,18/07/2019,9,20/02/2020,NA,3,5,1.8175,FALSE,71093.93,1.3737,1.826213976,5186,Heavy
Roey014-AC11-7_S166,Roey014-AC11-7_S166_L001_R1_001_noPrimers.fastq.gz,42642,42176,41901,40420,40379,38998,AC11,Certovo,Oxic,Glucose,Unlabelled,72,19/07/2019,10,20/02/2020,NA,11,7,1.785,FALSE,383549.34,1.373,1.75,38998,Light
Roey015-NP7-4_S167,Roey015-NP7-4_S167_L001_R1_001_noPrimers.fastq.gz,14626,14470,14270,13760,13726,11308,NP7,Plesne,Anoxic,Glucose,Labelled,48,25/07/2019,11,20/02/2020,NA,7,4,1.8175,FALSE,801.91,1.3737,1.826213976,11308,Heavy
Roey016-NP7-5_S168,Roey016-NP7-5_S168_L001_R1_001_noPrimers.fastq.gz,142,138,118,97,97,91,NP7,Plesne,Anoxic,Glucose,Labelled,48,25/07/2019,11,24/02/2020,NA,7,5,1.815,FALSE,226.97,1.3736,1.823048203,91,Heavy
Roey017-NP7-14_S169,Roey017-NP7-14_S169_L001_R1_001_noPrimers.fastq.gz,34305,33923,33738,32647,32634,31656,NP7,Plesne,Anoxic,Glucose,Labelled,48,25/07/2019,11,19/02/2020,NA,7,14,1.7725,FALSE,14653104,1.3719,1.769230072,31656,Light
Roey018-NC3-16_S170,Roey018-NC3-16_S170_L001_R1_001_noPrimers.fastq.gz,49183,48564,48328,46270,46267,42338,NC3,Certovo,Anoxic,Glucose,Labelled,12,26/07/2019,12,19/02/2020,NA,3,16,1.77,FALSE,1500196.8,1.3718,1.766064299,42338,Light
Roey019-NC10-8_S171,Roey019-NC10-8_S171_L001_R1_001_noPrimers.fastq.gz,47514,46855,46560,44557,44538,41576,NC10,Certovo,Anoxic,Glucose,Labelled,216,26/07/2019,12,19/02/2020,NA,10,8,1.81,FALSE,10207761,1.3734,1.816716658,41576,Heavy
Roey020-NTC-CUE_S172,Roey020-NTC-CUE_S172_L001_R1_001_noPrimers.fastq.gz,595,573,550,422,422,379,30X,30X,NA,NA,NA,NA,NA,NA,19/02/2020,NA,NA,NA,NA,TRUE,1,NA,NA,379,NA
Roey021-AP1-0_S173,Roey021-AP1-0_S173_L001_R1_001_noPrimers.fastq.gz,48551,48023,47518,42895,42879,38734,AP1,Plesne,Oxic,no,Unlabelled,0,26/07/2019,12,03/03/2020,NA,0,0,NA,FALSE,1,NA,NA,38734,NA
Roey022-NP1-0_S174,Roey022-NP1-0_S174_L001_R1_001_noPrimers.fastq.gz,47918,47343,46924,43444,43396,39133,NP1,Plesne,Anoxic,no,Unlabelled,0,26/07/2019,12,03/03/2020,NA,0,0,NA,FALSE,1,NA,NA,39133,NA
Roey023-AC1-0_S175,Roey023-AC1-0_S175_L001_R1_001_noPrimers.fastq.gz,52422,51684,51189,46836,46821,41601,AC1,Certovo,Oxic,no,Unlabelled,0,26/07/2019,12,03/03/2020,NA,0,0,NA,FALSE,1,NA,NA,41601,NA
Roey024-NTC-0_S176,Roey024-NTC-0_S176_L001_R1_001_noPrimers.fastq.gz,53,52,32,27,27,27,30X,30X,NA,NA,NA,NA,NA,NA,03/03/2020,NA,NA,NA,NA,TRUE,1,NA,NA,27,NA
