merged_sample_name	sample_name	Read1_file	input	filtered	denoised	merged	tabled	nonchim
Roey-001-AP3-3_S134_L001	Roey-001-AP3-3_S134_L001	Roey-001-AP3-3_S134_L001_R1_001_noPrimers.fastq.gz	14975	14681	14470	13702	13592	13276
Roey-002-AP3-4_S135_L001	Roey-002-AP3-4_S135_L001	Roey-002-AP3-4_S135_L001_R1_001_noPrimers.fastq.gz	13411	13051	12842	11818	11687	11412
Roey-003-AP3-5_S136_L001	Roey-003-AP3-5_S136_L001	Roey-003-AP3-5_S136_L001_R1_001_noPrimers.fastq.gz	24724	24248	23979	22636	22569	20993
Roey-004-AP3-6_S137_L001	Roey-004-AP3-6_S137_L001	Roey-004-AP3-6_S137_L001_R1_001_noPrimers.fastq.gz	26743	26240	25894	23844	23773	21468
Roey-005-AP3-7_S138_L001	Roey-005-AP3-7_S138_L001	Roey-005-AP3-7_S138_L001_R1_001_noPrimers.fastq.gz	24061	23580	23198	20671	20625	18711
Roey-006-AP3-8_S139_L001	Roey-006-AP3-8_S139_L001	Roey-006-AP3-8_S139_L001_R1_001_noPrimers.fastq.gz	27975	27463	27044	24243	24192	21836
Roey-007-AP3-9_S140_L001	Roey-007-AP3-9_S140_L001	Roey-007-AP3-9_S140_L001_R1_001_noPrimers.fastq.gz	31538	30979	30357	26173	26122	23178
Roey-008-AP3-10_S141_L001	Roey-008-AP3-10_S141_L001	Roey-008-AP3-10_S141_L001_R1_001_noPrimers.fastq.gz	27521	27037	26562	22527	22494	19664
Roey-009-AP3-11_S142_L001	Roey-009-AP3-11_S142_L001	Roey-009-AP3-11_S142_L001_R1_001_noPrimers.fastq.gz	32436	31870	31220	26057	26042	21750
Roey-010-AP3-12_S143_L001	Roey-010-AP3-12_S143_L001	Roey-010-AP3-12_S143_L001_R1_001_noPrimers.fastq.gz	29822	29320	28604	23349	23335	18611
Roey-011-AP3-13_S144_L001	Roey-011-AP3-13_S144_L001	Roey-011-AP3-13_S144_L001_R1_001_noPrimers.fastq.gz	28408	27937	27379	23074	23063	19265
Roey-012-AP3-14_S145_L001	Roey-012-AP3-14_S145_L001	Roey-012-AP3-14_S145_L001_R1_001_noPrimers.fastq.gz	3235	3181	3078	2403	2403	2048
Roey-013-AP3-15_S146_L001	Roey-013-AP3-15_S146_L001	Roey-013-AP3-15_S146_L001_R1_001_noPrimers.fastq.gz	22960	22335	21860	17850	17831	14886
Roey-014-AP3-16_S147_L001	Roey-014-AP3-16_S147_L001	Roey-014-AP3-16_S147_L001_R1_001_noPrimers.fastq.gz	26200	25589	25062	20553	20538	16715
Roey-015-AP3-17_S148_L001	Roey-015-AP3-17_S148_L001	Roey-015-AP3-17_S148_L001_R1_001_noPrimers.fastq.gz	28951	28436	27940	23445	23438	19990
Roey-016-AP5-4_S149_L001	Roey-016-AP5-4_S149_L001	Roey-016-AP5-4_S149_L001_R1_001_noPrimers.fastq.gz	26123	25576	25152	22341	22196	19332
Roey-017-AP5-5_S150_L001	Roey-017-AP5-5_S150_L001	Roey-017-AP5-5_S150_L001_R1_001_noPrimers.fastq.gz	24951	24435	24059	21861	21732	19403
Roey-018-AP5-6_S151_L001	Roey-018-AP5-6_S151_L001	Roey-018-AP5-6_S151_L001_R1_001_noPrimers.fastq.gz	22260	21869	21440	19125	19054	16546
Roey-019-AP5-7_S152_L001	Roey-019-AP5-7_S152_L001	Roey-019-AP5-7_S152_L001_R1_001_noPrimers.fastq.gz	24752	24182	23739	20366	20305	17464
Roey-020-AP5-8_S153_L001	Roey-020-AP5-8_S153_L001	Roey-020-AP5-8_S153_L001_R1_001_noPrimers.fastq.gz	23429	23025	22592	19538	19507	16752
Roey-021-AP5-9_S154_L001	Roey-021-AP5-9_S154_L001	Roey-021-AP5-9_S154_L001_R1_001_noPrimers.fastq.gz	27806	27351	26808	23127	23084	19959
Roey-022-AP5-10_S155_L001	Roey-022-AP5-10_S155_L001	Roey-022-AP5-10_S155_L001_R1_001_noPrimers.fastq.gz	18359	18007	17607	14649	14638	12389
Roey-023-AP5-11_S156_L001	Roey-023-AP5-11_S156_L001	Roey-023-AP5-11_S156_L001_R1_001_noPrimers.fastq.gz	29582	29046	28409	23073	23055	18913
Roey-024-AP5-12_S157_L001	Roey-024-AP5-12_S157_L001	Roey-024-AP5-12_S157_L001_R1_001_noPrimers.fastq.gz	34067	33345	32738	26488	26477	21844
Roey-025-AP5-13_S158_L001	Roey-025-AP5-13_S158_L001	Roey-025-AP5-13_S158_L001_R1_001_noPrimers.fastq.gz	23962	23532	22719	17453	17451	13632
Roey-026-AP5-14_S159_L001	Roey-026-AP5-14_S159_L001	Roey-026-AP5-14_S159_L001_R1_001_noPrimers.fastq.gz	28713	28192	27408	22130	22127	18159
Roey-027-AP5-15_S160_L001	Roey-027-AP5-15_S160_L001	Roey-027-AP5-15_S160_L001_R1_001_noPrimers.fastq.gz	24742	24326	23845	19393	19389	15973
Roey-028-AP5-16_S161_L001	Roey-028-AP5-16_S161_L001	Roey-028-AP5-16_S161_L001_R1_001_noPrimers.fastq.gz	24560	24051	23536	18688	18684	15416
Roey-029-AP5-17_S162_L001	Roey-029-AP5-17_S162_L001	Roey-029-AP5-17_S162_L001_R1_001_noPrimers.fastq.gz	19979	19594	19165	15617	15613	13315
Roey-030-AP5-18_S163_L001	Roey-030-AP5-18_S163_L001	Roey-030-AP5-18_S163_L001_R1_001_noPrimers.fastq.gz	16186	15769	15331	11733	11732	9571
Roey-031-AP7-2_S164_L001	Roey-031-AP7-2_S164_L001	Roey-031-AP7-2_S164_L001_R1_001_noPrimers.fastq.gz	20629	20338	20096	18926	18845	18024
Roey-032-AP7-3_S165_L001	Roey-032-AP7-3_S165_L001	Roey-032-AP7-3_S165_L001_R1_001_noPrimers.fastq.gz	19485	19121	18758	17075	17035	15858
Roey-033-AP7-4_S166_L001	Roey-033-AP7-4_S166_L001	Roey-033-AP7-4_S166_L001_R1_001_noPrimers.fastq.gz	25148	24677	24249	21698	21649	19771
Roey-034-AP7-5_S167_L001	Roey-034-AP7-5_S167_L001	Roey-034-AP7-5_S167_L001_R1_001_noPrimers.fastq.gz	23047	22654	22279	19521	19493	17427
Roey-035-AP7-6_S168_L001	Roey-035-AP7-6_S168_L001	Roey-035-AP7-6_S168_L001_R1_001_noPrimers.fastq.gz	30422	29884	29309	25217	25179	22140
Roey-036-AP7-7_S169_L001	Roey-036-AP7-7_S169_L001	Roey-036-AP7-7_S169_L001_R1_001_noPrimers.fastq.gz	22980	22567	22120	19339	19318	17275
Roey-037-AP7-8_S170_L001	Roey-037-AP7-8_S170_L001	Roey-037-AP7-8_S170_L001_R1_001_noPrimers.fastq.gz	20123	19751	19354	16187	16170	14078
Roey-038-AP7-9_S171_L001	Roey-038-AP7-9_S171_L001	Roey-038-AP7-9_S171_L001_R1_001_noPrimers.fastq.gz	25028	24601	23970	20096	20072	16860
Roey-039-AP7-10_S172_L001	Roey-039-AP7-10_S172_L001	Roey-039-AP7-10_S172_L001_R1_001_noPrimers.fastq.gz	23950	23561	23092	19295	19277	16175
Roey-040-AP7-11_S173_L001	Roey-040-AP7-11_S173_L001	Roey-040-AP7-11_S173_L001_R1_001_noPrimers.fastq.gz	21831	21450	20985	17320	17312	14441
Roey-041-AP7-12_S174_L001	Roey-041-AP7-12_S174_L001	Roey-041-AP7-12_S174_L001_R1_001_noPrimers.fastq.gz	23679	23302	22834	19505	19492	16651
Roey-042-AP7-13_S175_L001	Roey-042-AP7-13_S175_L001	Roey-042-AP7-13_S175_L001_R1_001_noPrimers.fastq.gz	19250	18931	18490	15237	15231	12938
Roey-043-AP7-14_S176_L001	Roey-043-AP7-14_S176_L001	Roey-043-AP7-14_S176_L001_R1_001_noPrimers.fastq.gz	24121	23734	23259	19683	19645	16966
Roey-044-AP7-15_S177_L001	Roey-044-AP7-15_S177_L001	Roey-044-AP7-15_S177_L001_R1_001_noPrimers.fastq.gz	26377	25914	25383	21058	21049	17812
Roey-045-AP7-16_S178_L001	Roey-045-AP7-16_S178_L001	Roey-045-AP7-16_S178_L001_R1_001_noPrimers.fastq.gz	27350	26870	26273	21989	21979	18667
Roey-046-AP9-4_S179_L001	Roey-046-AP9-4_S179_L001	Roey-046-AP9-4_S179_L001_R1_001_noPrimers.fastq.gz	21597	21171	20827	19326	18960	17405
Roey-047-AP9-5_S180_L001	Roey-047-AP9-5_S180_L001	Roey-047-AP9-5_S180_L001_R1_001_noPrimers.fastq.gz	22829	22426	22051	19653	19432	16519
Roey-048-AP9-6_S181_L001	Roey-048-AP9-6_S181_L001	Roey-048-AP9-6_S181_L001_R1_001_noPrimers.fastq.gz	32414	31797	31275	28011	27736	23840
Roey-049-AP9-7_S182_L001	Roey-049-AP9-7_S182_L001	Roey-049-AP9-7_S182_L001_R1_001_noPrimers.fastq.gz	18555	18220	17813	15746	15653	13490
Roey-050-AP9-8_S183_L001	Roey-050-AP9-8_S183_L001	Roey-050-AP9-8_S183_L001_R1_001_noPrimers.fastq.gz	22229	21793	21348	18648	18532	15731
Roey-051-AP9-9_S184_L001	Roey-051-AP9-9_S184_L001	Roey-051-AP9-9_S184_L001_R1_001_noPrimers.fastq.gz	24832	24388	23891	20440	20385	17041
Roey-052-AP9-10_S185_L001	Roey-052-AP9-10_S185_L001	Roey-052-AP9-10_S185_L001_R1_001_noPrimers.fastq.gz	24039	23622	23199	19548	19510	15894
Roey-053-AP9-11_S186_L001	Roey-053-AP9-11_S186_L001	Roey-053-AP9-11_S186_L001_R1_001_noPrimers.fastq.gz	22671	22243	21796	18379	18358	14863
Roey-054-AP9-12_S187_L001	Roey-054-AP9-12_S187_L001	Roey-054-AP9-12_S187_L001_R1_001_noPrimers.fastq.gz	18250	17928	17539	14584	14577	11787
Roey-055-AP9-13_S188_L001	Roey-055-AP9-13_S188_L001	Roey-055-AP9-13_S188_L001_R1_001_noPrimers.fastq.gz	23875	23507	23106	19450	19439	15914
Roey-056-AP9-14_S189_L001	Roey-056-AP9-14_S189_L001	Roey-056-AP9-14_S189_L001_R1_001_noPrimers.fastq.gz	27071	26675	26296	22160	22149	18097
Roey-057-AP9-15_S190_L001	Roey-057-AP9-15_S190_L001	Roey-057-AP9-15_S190_L001_R1_001_noPrimers.fastq.gz	6735	6618	6460	5281	5281	4340
Roey-058-AP9-16_S191_L001	Roey-058-AP9-16_S191_L001	Roey-058-AP9-16_S191_L001_R1_001_noPrimers.fastq.gz	18383	18044	17694	14773	14771	12633
Roey-059-AP9-17_S192_L001	Roey-059-AP9-17_S192_L001	Roey-059-AP9-17_S192_L001_R1_001_noPrimers.fastq.gz	29763	29259	28665	24345	24326	21285
Roey-060-AP9-18_S193_L001	Roey-060-AP9-18_S193_L001	Roey-060-AP9-18_S193_L001_R1_001_noPrimers.fastq.gz	29101	28627	28079	24104	24086	21337
Roey-061-AP12-3_S194_L001	Roey-061-AP12-3_S194_L001	Roey-061-AP12-3_S194_L001_R1_001_noPrimers.fastq.gz	36	32	17	12	12	12
Roey-062-AP12-4_S195_L001	Roey-062-AP12-4_S195_L001	Roey-062-AP12-4_S195_L001_R1_001_noPrimers.fastq.gz	40	33	17	7	7	5
Roey-063-AP12-5_S196_L001	Roey-063-AP12-5_S196_L001	Roey-063-AP12-5_S196_L001_R1_001_noPrimers.fastq.gz	56	48	12	2	2	2
Roey-064-AP12-6_S197_L001	Roey-064-AP12-6_S197_L001	Roey-064-AP12-6_S197_L001_R1_001_noPrimers.fastq.gz	19	12	2	0	0	0
Roey-065-AP12-7_S198_L001	Roey-065-AP12-7_S198_L001	Roey-065-AP12-7_S198_L001_R1_001_noPrimers.fastq.gz	37	33	9	5	5	5
Roey-066-AP12-8_S199_L001	Roey-066-AP12-8_S199_L001	Roey-066-AP12-8_S199_L001_R1_001_noPrimers.fastq.gz	68	60	44	32	32	28
Roey-067-AP12-9_S200_L001	Roey-067-AP12-9_S200_L001	Roey-067-AP12-9_S200_L001_R1_001_noPrimers.fastq.gz	17	14	5	2	2	2
Roey-068-AP12-10_S201_L001	Roey-068-AP12-10_S201_L001	Roey-068-AP12-10_S201_L001_R1_001_noPrimers.fastq.gz	11	9	1	0	0	0
Roey-069-AP12-11_S202_L001	Roey-069-AP12-11_S202_L001	Roey-069-AP12-11_S202_L001_R1_001_noPrimers.fastq.gz	22060	21651	21267	18331	18310	15769
Roey-070-AP12-12_S203_L001	Roey-070-AP12-12_S203_L001	Roey-070-AP12-12_S203_L001_R1_001_noPrimers.fastq.gz	157	144	94	70	70	60
Roey-071-AP12-13_S204_L001	Roey-071-AP12-13_S204_L001	Roey-071-AP12-13_S204_L001_R1_001_noPrimers.fastq.gz	25739	25230	24797	20972	20967	17510
Roey-072-AP12-14_S205_L001	Roey-072-AP12-14_S205_L001	Roey-072-AP12-14_S205_L001_R1_001_noPrimers.fastq.gz	34823	34181	33417	27876	27873	22790
Roey-073-AP12-15_S206_L001	Roey-073-AP12-15_S206_L001	Roey-073-AP12-15_S206_L001_R1_001_noPrimers.fastq.gz	26106	25642	25206	21280	21273	17846
Roey-074-AP12-16_S207_L001	Roey-074-AP12-16_S207_L001	Roey-074-AP12-16_S207_L001_R1_001_noPrimers.fastq.gz	33699	33089	32595	27728	27721	23501
Roey-075-AP12-17_S208_L001	Roey-075-AP12-17_S208_L001	Roey-075-AP12-17_S208_L001_R1_001_noPrimers.fastq.gz	29178	28586	28033	24002	23995	20876
Roey-076-AC1-3_S209_L001	Roey-076-AC1-3_S209_L001	Roey-076-AC1-3_S209_L001_R1_001_noPrimers.fastq.gz	25113	24637	24169	21416	21403	19651
Roey-077-AC1-4_S210_L001	Roey-077-AC1-4_S210_L001	Roey-077-AC1-4_S210_L001_R1_001_noPrimers.fastq.gz	21289	20712	20303	18233	18215	17428
Roey-078-AC1-5_S211_L001	Roey-078-AC1-5_S211_L001	Roey-078-AC1-5_S211_L001_R1_001_noPrimers.fastq.gz	17629	17111	16869	14544	14532	13755
Roey-079-AC1-6_S212_L001	Roey-079-AC1-6_S212_L001	Roey-079-AC1-6_S212_L001_R1_001_noPrimers.fastq.gz	28209	27654	27157	25128	25097	23520
Roey-080-AC1-7_S213_L001	Roey-080-AC1-7_S213_L001	Roey-080-AC1-7_S213_L001_R1_001_noPrimers.fastq.gz	25120	24646	24291	22605	22597	21169
Roey-081-AC1-8_S214_L001	Roey-081-AC1-8_S214_L001	Roey-081-AC1-8_S214_L001_R1_001_noPrimers.fastq.gz	28196	27718	27236	24872	24853	22987
Roey-082-AC1-9_S215_L001	Roey-082-AC1-9_S215_L001	Roey-082-AC1-9_S215_L001_R1_001_noPrimers.fastq.gz	23659	23112	22735	20845	20840	19127
Roey-083-AC1-10_S216_L001	Roey-083-AC1-10_S216_L001	Roey-083-AC1-10_S216_L001_R1_001_noPrimers.fastq.gz	33554	32967	32323	29193	29189	25611
Roey-084-AC1-11_S217_L001	Roey-084-AC1-11_S217_L001	Roey-084-AC1-11_S217_L001_R1_001_noPrimers.fastq.gz	29944	29449	29060	26801	26799	24175
Roey-085-AC1-12_S218_L001	Roey-085-AC1-12_S218_L001	Roey-085-AC1-12_S218_L001_R1_001_noPrimers.fastq.gz	39518	38781	38140	33840	33838	27725
Roey-086-AC1-13_S219_L001	Roey-086-AC1-13_S219_L001	Roey-086-AC1-13_S219_L001_R1_001_noPrimers.fastq.gz	32328	31795	31396	27981	27977	24099
Roey-087-AC1-14_S220_L001	Roey-087-AC1-14_S220_L001	Roey-087-AC1-14_S220_L001_R1_001_noPrimers.fastq.gz	29951	29451	28953	25800	25793	22355
Roey-088-AC1-15_S221_L001	Roey-088-AC1-15_S221_L001	Roey-088-AC1-15_S221_L001_R1_001_noPrimers.fastq.gz	31084	30538	30044	27190	27181	24171
Roey-089-AC1-16_S222_L001	Roey-089-AC1-16_S222_L001	Roey-089-AC1-16_S222_L001_R1_001_noPrimers.fastq.gz	18976	18668	18452	17613	17611	16934
Roey-090-AC1-17_S223_L001	Roey-090-AC1-17_S223_L001	Roey-090-AC1-17_S223_L001_R1_001_noPrimers.fastq.gz	26166	25475	25115	22307	22306	20326
Roey-091-AC3-3_S224_L001	Roey-091-AC3-3_S224_L001	Roey-091-AC3-3_S224_L001_R1_001_noPrimers.fastq.gz	18933	18475	18195	16857	16760	15890
Roey-092-AC3-4_S225_L001	Roey-092-AC3-4_S225_L001	Roey-092-AC3-4_S225_L001_R1_001_noPrimers.fastq.gz	16395	16058	15850	14806	14696	14148
Roey-093-AC3-5_S226_L001	Roey-093-AC3-5_S226_L001	Roey-093-AC3-5_S226_L001_R1_001_noPrimers.fastq.gz	2080	2020	1939	1816	1779	1772
Roey-094-AC3-6_S227_L001	Roey-094-AC3-6_S227_L001	Roey-094-AC3-6_S227_L001_R1_001_noPrimers.fastq.gz	24236	23768	23510	21558	21556	18581
Roey-095-AC3-7_S228_L001	Roey-095-AC3-7_S228_L001	Roey-095-AC3-7_S228_L001_R1_001_noPrimers.fastq.gz	35466	34898	34515	32466	32464	28817
Roey-096-AC3-8_S229_L001	Roey-096-AC3-8_S229_L001	Roey-096-AC3-8_S229_L001_R1_001_noPrimers.fastq.gz	40019	39238	38751	35377	35370	29662
Roey-097-AC3-9_S1_L001	Roey-097-AC3-9_S1_L001	Roey-097-AC3-9_S1_L001_R1_001_noPrimers.fastq.gz	67997	66860	66255	61851	61840	54008
Roey-098-AC3-10_S2_L001	Roey-098-AC3-10_S2_L001	Roey-098-AC3-10_S2_L001_R1_001_noPrimers.fastq.gz	63966	62731	62002	57053	57035	50364
Roey-099-AC3-11_S3_L001	Roey-099-AC3-11_S3_L001	Roey-099-AC3-11_S3_L001_R1_001_noPrimers.fastq.gz	66438	65157	64229	55230	55182	44458
Roey-100-AC3-12_S4_L001	Roey-100-AC3-12_S4_L001	Roey-100-AC3-12_S4_L001_R1_001_noPrimers.fastq.gz	64393	63174	62386	58288	58270	53115
Roey-101-AC3-13_S5_L001	Roey-101-AC3-13_S5_L001	Roey-101-AC3-13_S5_L001_R1_001_noPrimers.fastq.gz	65477	64152	63504	60629	60574	57340
Roey-102-AC3-14_S6_L001	Roey-102-AC3-14_S6_L001	Roey-102-AC3-14_S6_L001_R1_001_noPrimers.fastq.gz	70347	69146	68629	66386	66352	64114
Roey-103-AC3-15_S7_L001	Roey-103-AC3-15_S7_L001	Roey-103-AC3-15_S7_L001_R1_001_noPrimers.fastq.gz	69788	68471	67938	65701	65645	63665
Roey-104-AC3-16_S8_L001	Roey-104-AC3-16_S8_L001	Roey-104-AC3-16_S8_L001_R1_001_noPrimers.fastq.gz	70888	69522	68886	66174	66106	63826
Roey-105-AC3-17_S9_L001	Roey-105-AC3-17_S9_L001	Roey-105-AC3-17_S9_L001_R1_001_noPrimers.fastq.gz	67293	66283	65738	63906	63889	62833
Roey-106-AC5-3_S10_L001	Roey-106-AC5-3_S10_L001	Roey-106-AC5-3_S10_L001_R1_001_noPrimers.fastq.gz	67605	66225	65449	61381	60425	53837
Roey-107-AC5-4_S11_L001	Roey-107-AC5-4_S11_L001	Roey-107-AC5-4_S11_L001_R1_001_noPrimers.fastq.gz	60518	59538	58869	54952	54411	47013
Roey-108-AC5-5_S12_L001	Roey-108-AC5-5_S12_L001	Roey-108-AC5-5_S12_L001_R1_001_noPrimers.fastq.gz	64521	63297	62334	57397	56968	47975
Roey-109-AC5-6_S13_L001	Roey-109-AC5-6_S13_L001	Roey-109-AC5-6_S13_L001_R1_001_noPrimers.fastq.gz	74205	72958	71939	66292	65873	55980
Roey-110-AC5-7_S14_L001	Roey-110-AC5-7_S14_L001	Roey-110-AC5-7_S14_L001_R1_001_noPrimers.fastq.gz	88981	87544	86521	78232	77843	65397
Roey-111-AC5-8_S15_L001	Roey-111-AC5-8_S15_L001	Roey-111-AC5-8_S15_L001_R1_001_noPrimers.fastq.gz	94458	92931	91745	81796	81544	66953
Roey-112-AC5-9_S16_L001	Roey-112-AC5-9_S16_L001	Roey-112-AC5-9_S16_L001_R1_001_noPrimers.fastq.gz	68219	67035	66054	57964	57832	47180
Roey-113-AC5-10_S17_L001	Roey-113-AC5-10_S17_L001	Roey-113-AC5-10_S17_L001_R1_001_noPrimers.fastq.gz	66102	64988	64087	55906	55800	45015
Roey-114-AC5-11_S18_L001	Roey-114-AC5-11_S18_L001	Roey-114-AC5-11_S18_L001_R1_001_noPrimers.fastq.gz	60837	59829	58789	50579	50534	39918
Roey-115-AC5-12_S19_L001	Roey-115-AC5-12_S19_L001	Roey-115-AC5-12_S19_L001_R1_001_noPrimers.fastq.gz	60663	59678	58706	50316	50279	39495
Roey-116-AC5-13_S20_L001	Roey-116-AC5-13_S20_L001	Roey-116-AC5-13_S20_L001_R1_001_noPrimers.fastq.gz	62665	61511	60383	51763	51703	41067
Roey-117-AC5-14_S21_L001	Roey-117-AC5-14_S21_L001	Roey-117-AC5-14_S21_L001_R1_001_noPrimers.fastq.gz	62697	61730	60741	52059	52023	41719
Roey-118-AC5-15_S22_L001	Roey-118-AC5-15_S22_L001	Roey-118-AC5-15_S22_L001_R1_001_noPrimers.fastq.gz	68402	67232	66085	57634	57564	47662
Roey-119-AC5-16_S23_L001	Roey-119-AC5-16_S23_L001	Roey-119-AC5-16_S23_L001_R1_001_noPrimers.fastq.gz	58152	57189	56368	49316	49313	41161
Roey-120-AC5-17_S24_L001	Roey-120-AC5-17_S24_L001	Roey-120-AC5-17_S24_L001_R1_001_noPrimers.fastq.gz	59259	58377	57457	50905	50866	43438
Roey-121-AC7-2_S25_L001	Roey-121-AC7-2_S25_L001	Roey-121-AC7-2_S25_L001_R1_001_noPrimers.fastq.gz	77638	76373	75863	73441	72667	68218
Roey-122-AC7-3_S26_L001	Roey-122-AC7-3_S26_L001	Roey-122-AC7-3_S26_L001_R1_001_noPrimers.fastq.gz	62482	61450	60945	58836	58462	54118
Roey-123-AC7-4_S27_L001	Roey-123-AC7-4_S27_L001	Roey-123-AC7-4_S27_L001_R1_001_noPrimers.fastq.gz	59895	58857	58322	55619	55377	49465
Roey-124-AC7-5_S28_L001	Roey-124-AC7-5_S28_L001	Roey-124-AC7-5_S28_L001_R1_001_noPrimers.fastq.gz	68156	67048	66364	62440	62272	53522
Roey-125-AC7-6_S29_L001	Roey-125-AC7-6_S29_L001	Roey-125-AC7-6_S29_L001_R1_001_noPrimers.fastq.gz	67862	66774	66025	61412	61238	52934
Roey-126-AC7-7_S30_L001	Roey-126-AC7-7_S30_L001	Roey-126-AC7-7_S30_L001_R1_001_noPrimers.fastq.gz	72488	71254	70456	64325	64219	54160
Roey-127-AC7-8_S31_L001	Roey-127-AC7-8_S31_L001	Roey-127-AC7-8_S31_L001_R1_001_noPrimers.fastq.gz	65603	64708	64065	57944	57879	47899
Roey-128-AC7-9_S32_L001	Roey-128-AC7-9_S32_L001	Roey-128-AC7-9_S32_L001_R1_001_noPrimers.fastq.gz	68315	67289	66494	58950	58900	47763
Roey-129-AC7-10_S33_L001	Roey-129-AC7-10_S33_L001	Roey-129-AC7-10_S33_L001_R1_001_noPrimers.fastq.gz	60534	59525	58631	50778	50720	40438
Roey-130-AC7-11_S34_L001	Roey-130-AC7-11_S34_L001	Roey-130-AC7-11_S34_L001_R1_001_noPrimers.fastq.gz	70390	69206	68264	60078	60035	48393
Roey-131-AC7-12_S35_L001	Roey-131-AC7-12_S35_L001	Roey-131-AC7-12_S35_L001_R1_001_noPrimers.fastq.gz	63569	62600	61843	55081	55067	44313
Roey-132-AC7-13_S36_L001	Roey-132-AC7-13_S36_L001	Roey-132-AC7-13_S36_L001_R1_001_noPrimers.fastq.gz	61642	60637	59675	52192	52179	41898
Roey-133-AC7-14_S37_L001	Roey-133-AC7-14_S37_L001	Roey-133-AC7-14_S37_L001_R1_001_noPrimers.fastq.gz	76563	75254	74211	65770	65756	54036
Roey-134-AC7-15_S38_L001	Roey-134-AC7-15_S38_L001	Roey-134-AC7-15_S38_L001_R1_001_noPrimers.fastq.gz	64052	62995	62052	55091	55079	45598
Roey-135-AC7-16_S39_L001	Roey-135-AC7-16_S39_L001	Roey-135-AC7-16_S39_L001_R1_001_noPrimers.fastq.gz	63658	62681	62012	55827	55813	47804
Roey-136-AC10-2_S40_L001	Roey-136-AC10-2_S40_L001	Roey-136-AC10-2_S40_L001_R1_001_noPrimers.fastq.gz	62734	61310	60519	56132	55953	50709
Roey-137-AC10-3_S41_L001	Roey-137-AC10-3_S41_L001	Roey-137-AC10-3_S41_L001_R1_001_noPrimers.fastq.gz	64147	62775	62078	57396	57284	49978
Roey-138-AC10-4_S42_L001	Roey-138-AC10-4_S42_L001	Roey-138-AC10-4_S42_L001_R1_001_noPrimers.fastq.gz	62339	61285	60713	56539	56466	49968
Roey-139-AC10-5_S43_L001	Roey-139-AC10-5_S43_L001	Roey-139-AC10-5_S43_L001_R1_001_noPrimers.fastq.gz	59871	58745	58059	53270	53234	45806
Roey-140-AC10-6_S44_L001	Roey-140-AC10-6_S44_L001	Roey-140-AC10-6_S44_L001_R1_001_noPrimers.fastq.gz	64584	63325	62673	57571	57540	51046
Roey-141-AC10-7_S45_L001	Roey-141-AC10-7_S45_L001	Roey-141-AC10-7_S45_L001_R1_001_noPrimers.fastq.gz	60590	59305	58485	52969	52938	45548
Roey-142-AC10-8_S46_L001	Roey-142-AC10-8_S46_L001	Roey-142-AC10-8_S46_L001_R1_001_noPrimers.fastq.gz	66182	64561	63831	57197	57177	46791
Roey-143-AC10-9_S47_L001	Roey-143-AC10-9_S47_L001	Roey-143-AC10-9_S47_L001_R1_001_noPrimers.fastq.gz	64846	63731	63014	56675	56658	45968
Roey-144-AC10-10_S48_L001	Roey-144-AC10-10_S48_L001	Roey-144-AC10-10_S48_L001_R1_001_noPrimers.fastq.gz	56895	55961	55286	49607	49572	39934
Roey-145-AC10-11_S49_L001	Roey-145-AC10-11_S49_L001	Roey-145-AC10-11_S49_L001_R1_001_noPrimers.fastq.gz	64942	63808	63029	56094	56063	45207
Roey-146-AC10-12_S50_L001	Roey-146-AC10-12_S50_L001	Roey-146-AC10-12_S50_L001_R1_001_noPrimers.fastq.gz	64917	63897	63188	55611	55595	44600
Roey-147-AC10-13_S51_L001	Roey-147-AC10-13_S51_L001	Roey-147-AC10-13_S51_L001_R1_001_noPrimers.fastq.gz	64003	62909	61866	54451	54432	43796
Roey-148-AC10-14_S52_L001	Roey-148-AC10-14_S52_L001	Roey-148-AC10-14_S52_L001_R1_001_noPrimers.fastq.gz	66640	65455	64484	57642	57632	48896
Roey-149-AC10-15_S53_L001	Roey-149-AC10-15_S53_L001	Roey-149-AC10-15_S53_L001_R1_001_noPrimers.fastq.gz	57860	56879	56130	49406	49391	41410
Roey-150-AC10-16_S54_L001	Roey-150-AC10-16_S54_L001	Roey-150-AC10-16_S54_L001_R1_001_noPrimers.fastq.gz	66707	65680	64945	58981	58975	52930
Roey-151-AC11-2_S55_L001	Roey-151-AC11-2_S55_L001	Roey-151-AC11-2_S55_L001_R1_001_noPrimers.fastq.gz	67055	65229	64449	59967	59451	55161
Roey-152-AC11-3_S56_L001	Roey-152-AC11-3_S56_L001	Roey-152-AC11-3_S56_L001_R1_001_noPrimers.fastq.gz	64951	63637	62797	57340	57116	54264
Roey-153-AC11-4_S57_L001	Roey-153-AC11-4_S57_L001	Roey-153-AC11-4_S57_L001_R1_001_noPrimers.fastq.gz	61476	60392	59619	56186	55927	52600
Roey-154-AC11-5_S58_L001	Roey-154-AC11-5_S58_L001	Roey-154-AC11-5_S58_L001_R1_001_noPrimers.fastq.gz	72400	69152	68451	61654	61498	53656
Roey-155-AC11-6_S59_L001	Roey-155-AC11-6_S59_L001	Roey-155-AC11-6_S59_L001_R1_001_noPrimers.fastq.gz	64453	62623	61955	55593	55409	51463
Roey-156-AC11-7_S60_L001	Roey-156-AC11-7_S60_L001	Roey-156-AC11-7_S60_L001_R1_001_noPrimers.fastq.gz	3023	2952	2723	2482	2477	2316
Roey-157-AC11-8_S61_L001	Roey-157-AC11-8_S61_L001	Roey-157-AC11-8_S61_L001_R1_001_noPrimers.fastq.gz	71365	69888	69208	63253	63182	56142
Roey-158-AC11-9_S62_L001	Roey-158-AC11-9_S62_L001	Roey-158-AC11-9_S62_L001_R1_001_noPrimers.fastq.gz	66515	65299	64547	58847	58819	51016
Roey-159-AC11-10_S63_L001	Roey-159-AC11-10_S63_L001	Roey-159-AC11-10_S63_L001_R1_001_noPrimers.fastq.gz	65572	64348	63672	58747	58715	51431
Roey-160-AC11-11_S64_L001	Roey-160-AC11-11_S64_L001	Roey-160-AC11-11_S64_L001_R1_001_noPrimers.fastq.gz	58343	57275	56657	51736	51707	43811
Roey-161-AC11-12_S65_L001	Roey-161-AC11-12_S65_L001	Roey-161-AC11-12_S65_L001_R1_001_noPrimers.fastq.gz	55687	54675	54020	49019	48994	41583
Roey-162-AC11-13_S66_L001	Roey-162-AC11-13_S66_L001	Roey-162-AC11-13_S66_L001_R1_001_noPrimers.fastq.gz	56868	55893	55285	50396	50388	43172
Roey-163-AC11-14_S67_L001	Roey-163-AC11-14_S67_L001	Roey-163-AC11-14_S67_L001_R1_001_noPrimers.fastq.gz	61868	60603	59804	53304	53296	44642
Roey-164-AC11-15_S68_L001	Roey-164-AC11-15_S68_L001	Roey-164-AC11-15_S68_L001_R1_001_noPrimers.fastq.gz	62987	61721	61039	55485	55461	48846
Roey-165-AC11-16_S69_L001	Roey-165-AC11-16_S69_L001	Roey-165-AC11-16_S69_L001_R1_001_noPrimers.fastq.gz	58520	57471	56799	51737	51731	45977
Roey-166-NP3-2_S70_L001	Roey-166-NP3-2_S70_L001	Roey-166-NP3-2_S70_L001_R1_001_noPrimers.fastq.gz	31330	30828	30456	28919	28842	25927
Roey-167-NP3-3_S71_L001	Roey-167-NP3-3_S71_L001	Roey-167-NP3-3_S71_L001_R1_001_noPrimers.fastq.gz	63289	62284	61577	59909	59739	58734
Roey-168-NP3-4_S72_L001	Roey-168-NP3-4_S72_L001	Roey-168-NP3-4_S72_L001_R1_001_noPrimers.fastq.gz	59854	58805	58078	56188	56067	54918
Roey-169-NP3-5_S73_L001	Roey-169-NP3-5_S73_L001	Roey-169-NP3-5_S73_L001_R1_001_noPrimers.fastq.gz	73891	72669	71942	69287	69120	67088
Roey-170-NP3-6_S74_L001	Roey-170-NP3-6_S74_L001	Roey-170-NP3-6_S74_L001_R1_001_noPrimers.fastq.gz	62901	61832	61151	58603	58500	56527
Roey-171-NP3-7_S75_L001	Roey-171-NP3-7_S75_L001	Roey-171-NP3-7_S75_L001_R1_001_noPrimers.fastq.gz	86708	85251	84195	79029	78871	74265
Roey-172-NP3-8_S76_L001	Roey-172-NP3-8_S76_L001	Roey-172-NP3-8_S76_L001_R1_001_noPrimers.fastq.gz	84188	82818	81914	79079	78935	76544
Roey-173-NP3-9_S77_L001	Roey-173-NP3-9_S77_L001	Roey-173-NP3-9_S77_L001_R1_001_noPrimers.fastq.gz	61192	60117	59154	53851	53791	48178
Roey-174-NP3-10_S78_L001	Roey-174-NP3-10_S78_L001	Roey-174-NP3-10_S78_L001_R1_001_noPrimers.fastq.gz	77243	75982	74976	67988	67908	59626
Roey-175-NP3-11_S79_L001	Roey-175-NP3-11_S79_L001	Roey-175-NP3-11_S79_L001_R1_001_noPrimers.fastq.gz	63785	62669	61634	55497	55433	48177
Roey-176-NP3-12_S80_L001	Roey-176-NP3-12_S80_L001	Roey-176-NP3-12_S80_L001_R1_001_noPrimers.fastq.gz	64656	63629	62833	56882	56822	49496
Roey-177-NP3-13_S81_L001	Roey-177-NP3-13_S81_L001	Roey-177-NP3-13_S81_L001_R1_001_noPrimers.fastq.gz	65180	64152	63419	57823	57753	50547
Roey-178-NP3-14_S82_L001	Roey-178-NP3-14_S82_L001	Roey-178-NP3-14_S82_L001_R1_001_noPrimers.fastq.gz	74489	73385	72744	66583	66525	58228
Roey-179-NP3-15_S83_L001	Roey-179-NP3-15_S83_L001	Roey-179-NP3-15_S83_L001_R1_001_noPrimers.fastq.gz	61878	60773	59866	53961	53905	46665
Roey-180-NP3-16_S84_L001	Roey-180-NP3-16_S84_L001	Roey-180-NP3-16_S84_L001_R1_001_noPrimers.fastq.gz	55320	54321	53503	48400	48353	42461
Roey-181-NP5-2_S85_L001	Roey-181-NP5-2_S85_L001	Roey-181-NP5-2_S85_L001_R1_001_noPrimers.fastq.gz	73246	71986	71324	69774	69437	68227
Roey-182-NP5-3_S86_L001	Roey-182-NP5-3_S86_L001	Roey-182-NP5-3_S86_L001_R1_001_noPrimers.fastq.gz	62644	61610	60932	59035	58814	57492
Roey-183-NP5-4_S87_L001	Roey-183-NP5-4_S87_L001	Roey-183-NP5-4_S87_L001_R1_001_noPrimers.fastq.gz	66732	65803	65212	63442	63293	62134
Roey-184-NP5-5_S88_L001	Roey-184-NP5-5_S88_L001	Roey-184-NP5-5_S88_L001_R1_001_noPrimers.fastq.gz	63553	62397	61485	58434	58173	55806
Roey-185-NP5-6_S89_L001	Roey-185-NP5-6_S89_L001	Roey-185-NP5-6_S89_L001_R1_001_noPrimers.fastq.gz	62233	61180	60567	57761	57587	55086
Roey-186-NP5-7_S90_L001	Roey-186-NP5-7_S90_L001	Roey-186-NP5-7_S90_L001_R1_001_noPrimers.fastq.gz	57266	56281	55516	51527	51397	47315
Roey-187-NP5-8_S91_L001	Roey-187-NP5-8_S91_L001	Roey-187-NP5-8_S91_L001_R1_001_noPrimers.fastq.gz	51091	50375	49830	47768	47689	46065
Roey-188-NP5-9_S92_L001	Roey-188-NP5-9_S92_L001	Roey-188-NP5-9_S92_L001_R1_001_noPrimers.fastq.gz	68175	67012	66045	59474	59377	51690
Roey-189-NP5-10_S93_L001	Roey-189-NP5-10_S93_L001	Roey-189-NP5-10_S93_L001_R1_001_noPrimers.fastq.gz	78965	77790	76909	68991	68915	59245
Roey-190-NP5-11_S94_L001	Roey-190-NP5-11_S94_L001	Roey-190-NP5-11_S94_L001_R1_001_noPrimers.fastq.gz	84607	83252	82257	74041	73930	63002
Roey-191-NP5-12_S95_L001	Roey-191-NP5-12_S95_L001	Roey-191-NP5-12_S95_L001_R1_001_noPrimers.fastq.gz	70228	69112	68208	60650	60604	50656
Roey-192-NP5-13_S96_L001	Roey-192-NP5-13_S96_L001	Roey-192-NP5-13_S96_L001_R1_001_noPrimers.fastq.gz	58145	57084	56171	49606	49575	41310
Roey-193-NP5-14_S230_L001	Roey-193-NP5-14_S230_L001	Roey-193-NP5-14_S230_L001_R1_001_noPrimers.fastq.gz	71663	70433	69329	60940	60905	49921
Roey-194-NP5-15_S231_L001	Roey-194-NP5-15_S231_L001	Roey-194-NP5-15_S231_L001_R1_001_noPrimers.fastq.gz	59408	58370	57492	51040	51019	42954
Roey-195-NP5-16_S232_L001	Roey-195-NP5-16_S232_L001	Roey-195-NP5-16_S232_L001_R1_001_noPrimers.fastq.gz	59190	58378	57774	53320	53296	48324
Roey-196-NP7-2_S233_L001	Roey-196-NP7-2_S233_L001	Roey-196-NP7-2_S233_L001_R1_001_noPrimers.fastq.gz	10943	10756	10611	10253	10240	10046
Roey-197-NP7-3_S234_L001	Roey-197-NP7-3_S234_L001	Roey-197-NP7-3_S234_L001_R1_001_noPrimers.fastq.gz	49950	49083	48599	47360	47143	46260
Roey-198-NP7-4_S235_L001	Roey-198-NP7-4_S235_L001	Roey-198-NP7-4_S235_L001_R1_001_noPrimers.fastq.gz	5338	5255	5214	5054	5053	5014
Roey-199-NP7-5_S236_L001	Roey-199-NP7-5_S236_L001	Roey-199-NP7-5_S236_L001_R1_001_noPrimers.fastq.gz	2078	2046	1999	1932	1922	1896
Roey-200-NP7-6_S237_L001	Roey-200-NP7-6_S237_L001	Roey-200-NP7-6_S237_L001_R1_001_noPrimers.fastq.gz	61546	60555	59917	57862	57697	56031
Roey-201-NP7-7_S238_L001	Roey-201-NP7-7_S238_L001	Roey-201-NP7-7_S238_L001_R1_001_noPrimers.fastq.gz	62629	61602	60906	57972	57824	54898
Roey-202-NP7-8_S239_L001	Roey-202-NP7-8_S239_L001	Roey-202-NP7-8_S239_L001_R1_001_noPrimers.fastq.gz	64948	63782	62887	58492	58347	53532
Roey-203-NP7-9_S240_L001	Roey-203-NP7-9_S240_L001	Roey-203-NP7-9_S240_L001_R1_001_noPrimers.fastq.gz	60439	59401	58462	52604	52470	45655
Roey-204-NP7-10_S241_L001	Roey-204-NP7-10_S241_L001	Roey-204-NP7-10_S241_L001_R1_001_noPrimers.fastq.gz	65229	63999	63036	56710	56613	48543
Roey-205-NP7-11_S242_L001	Roey-205-NP7-11_S242_L001	Roey-205-NP7-11_S242_L001_R1_001_noPrimers.fastq.gz	70818	69660	68682	61779	61687	52246
Roey-206-NP7-12_S243_L001	Roey-206-NP7-12_S243_L001	Roey-206-NP7-12_S243_L001_R1_001_noPrimers.fastq.gz	62365	61432	60691	56397	56355	50722
Roey-207-NP7-13_S244_L001	Roey-207-NP7-13_S244_L001	Roey-207-NP7-13_S244_L001_R1_001_noPrimers.fastq.gz	64005	62840	61808	55218	55153	47209
Roey-208-NP7-14_S245_L001	Roey-208-NP7-14_S245_L001	Roey-208-NP7-14_S245_L001_R1_001_noPrimers.fastq.gz	11328	11159	11002	9902	9897	8684
Roey-209-NP7-15_S246_L001	Roey-209-NP7-15_S246_L001	Roey-209-NP7-15_S246_L001_R1_001_noPrimers.fastq.gz	74622	73307	72426	66621	66578	58591
Roey-210-NP7-16_S247_L001	Roey-210-NP7-16_S247_L001	Roey-210-NP7-16_S247_L001_R1_001_noPrimers.fastq.gz	17152	16868	16560	15146	15145	13466
Roey-211-NP10-5_S248_L001	Roey-211-NP10-5_S248_L001	Roey-211-NP10-5_S248_L001_R1_001_noPrimers.fastq.gz	66244	65184	64530	62094	61753	60790
Roey-212-NP10-6_S249_L001	Roey-212-NP10-6_S249_L001	Roey-212-NP10-6_S249_L001_R1_001_noPrimers.fastq.gz	75326	73784	72965	68950	67904	66421
Roey-213-NP10-7_S250_L001	Roey-213-NP10-7_S250_L001	Roey-213-NP10-7_S250_L001_R1_001_noPrimers.fastq.gz	62464	61380	60504	57276	57029	54817
Roey-214-NP10-8_S251_L001	Roey-214-NP10-8_S251_L001	Roey-214-NP10-8_S251_L001_R1_001_noPrimers.fastq.gz	77648	76322	75523	70613	70341	67537
Roey-215-NP10-9_S252_L001	Roey-215-NP10-9_S252_L001	Roey-215-NP10-9_S252_L001_R1_001_noPrimers.fastq.gz	68056	67005	66218	63196	63037	61575
Roey-216-NP10-10_S253_L001	Roey-216-NP10-10_S253_L001	Roey-216-NP10-10_S253_L001_R1_001_noPrimers.fastq.gz	60160	59195	58524	54003	53872	50294
Roey-217-NP10-11_S254_L001	Roey-217-NP10-11_S254_L001	Roey-217-NP10-11_S254_L001_R1_001_noPrimers.fastq.gz	63875	62796	61909	55626	55507	49443
Roey-218-NP10-12_S255_L001	Roey-218-NP10-12_S255_L001	Roey-218-NP10-12_S255_L001_R1_001_noPrimers.fastq.gz	66932	65907	65019	56253	56043	45673
Roey-219-NP10-13_S256_L001	Roey-219-NP10-13_S256_L001	Roey-219-NP10-13_S256_L001_R1_001_noPrimers.fastq.gz	61852	60820	60220	55533	55452	52316
Roey-220-NP10-14_S257_L001	Roey-220-NP10-14_S257_L001	Roey-220-NP10-14_S257_L001_R1_001_noPrimers.fastq.gz	69086	67997	67259	60256	60198	47359
Roey-221-NP10-15_S258_L001	Roey-221-NP10-15_S258_L001	Roey-221-NP10-15_S258_L001_R1_001_noPrimers.fastq.gz	80642	79420	78635	70418	70298	58948
Roey-222-NP10-16_S259_L001	Roey-222-NP10-16_S259_L001	Roey-222-NP10-16_S259_L001_R1_001_noPrimers.fastq.gz	71384	70244	69593	63603	63487	56440
Roey-223-NP10-17_S260_L001	Roey-223-NP10-17_S260_L001	Roey-223-NP10-17_S260_L001_R1_001_noPrimers.fastq.gz	72976	71893	71431	67589	67535	60787
Roey-224-NP10-18_S261_L001	Roey-224-NP10-18_S261_L001	Roey-224-NP10-18_S261_L001_R1_001_noPrimers.fastq.gz	59354	58385	57847	54675	54589	53196
Roey-225-NP10-19_S262_L001	Roey-225-NP10-19_S262_L001	Roey-225-NP10-19_S262_L001_R1_001_noPrimers.fastq.gz	63430	62367	61653	57998	57913	54892
Roey-226-NP12-5_S263_L001	Roey-226-NP12-5_S263_L001	Roey-226-NP12-5_S263_L001_R1_001_noPrimers.fastq.gz	67346	66214	65576	63146	62745	61721
Roey-227-NP12-6_S264_L001	Roey-227-NP12-6_S264_L001	Roey-227-NP12-6_S264_L001_R1_001_noPrimers.fastq.gz	70547	69376	68669	65239	64868	63095
Roey-228-NP12-7_S265_L001	Roey-228-NP12-7_S265_L001	Roey-228-NP12-7_S265_L001_R1_001_noPrimers.fastq.gz	63774	62431	61785	59511	59314	56909
Roey-229-NP12-8_S266_L001	Roey-229-NP12-8_S266_L001	Roey-229-NP12-8_S266_L001_R1_001_noPrimers.fastq.gz	64028	63033	62354	59497	59284	57485
Roey-230-NP12-9_S267_L001	Roey-230-NP12-9_S267_L001	Roey-230-NP12-9_S267_L001_R1_001_noPrimers.fastq.gz	61594	60589	59864	56670	56553	54609
Roey-231-NP12-10_S268_L001	Roey-231-NP12-10_S268_L001	Roey-231-NP12-10_S268_L001_R1_001_noPrimers.fastq.gz	63377	62434	61693	56320	56239	51586
Roey-232-NP12-11_S269_L001	Roey-232-NP12-11_S269_L001	Roey-232-NP12-11_S269_L001_R1_001_noPrimers.fastq.gz	60846	59899	59248	54696	54611	51165
Roey-233-NP12-12_S270_L001	Roey-233-NP12-12_S270_L001	Roey-233-NP12-12_S270_L001_R1_001_noPrimers.fastq.gz	63173	62209	61415	59053	58917	57780
Roey-234-NP12-13_S271_L001	Roey-234-NP12-13_S271_L001	Roey-234-NP12-13_S271_L001_R1_001_noPrimers.fastq.gz	35075	34545	34101	30517	30471	27347
Roey-235-NP12-14_S272_L001	Roey-235-NP12-14_S272_L001	Roey-235-NP12-14_S272_L001_R1_001_noPrimers.fastq.gz	70909	69789	68793	58951	58860	46741
Roey-236-NP12-15_S273_L001	Roey-236-NP12-15_S273_L001	Roey-236-NP12-15_S273_L001_R1_001_noPrimers.fastq.gz	65301	64260	63498	56694	56647	48699
Roey-237-NP12-16_S274_L001	Roey-237-NP12-16_S274_L001	Roey-237-NP12-16_S274_L001_R1_001_noPrimers.fastq.gz	65063	64050	63324	60957	60853	59868
Roey-238-NP12-17_S275_L001	Roey-238-NP12-17_S275_L001	Roey-238-NP12-17_S275_L001_R1_001_noPrimers.fastq.gz	68761	67795	67123	62388	62293	59006
Roey-239-NP12-18_S276_L001	Roey-239-NP12-18_S276_L001	Roey-239-NP12-18_S276_L001_R1_001_noPrimers.fastq.gz	70620	69563	68879	65555	65521	63489
Roey-240-NP12-19_S277_L001	Roey-240-NP12-19_S277_L001	Roey-240-NP12-19_S277_L001_R1_001_noPrimers.fastq.gz	68037	66979	66401	62515	62466	59268
Roey-241-NC3-2_S278_L001	Roey-241-NC3-2_S278_L001	Roey-241-NC3-2_S278_L001_R1_001_noPrimers.fastq.gz	65516	64188	63646	61096	60862	58678
Roey-242-NC3-3_S279_L001	Roey-242-NC3-3_S279_L001	Roey-242-NC3-3_S279_L001_R1_001_noPrimers.fastq.gz	68286	67049	66400	63862	63722	61038
Roey-243-NC3-4_S280_L001	Roey-243-NC3-4_S280_L001	Roey-243-NC3-4_S280_L001_R1_001_noPrimers.fastq.gz	60011	58956	58505	56678	56612	55580
Roey-244-NC3-5_S281_L001	Roey-244-NC3-5_S281_L001	Roey-244-NC3-5_S281_L001_R1_001_noPrimers.fastq.gz	60568	59409	58803	55919	55875	53082
Roey-245-NC3-6_S282_L001	Roey-245-NC3-6_S282_L001	Roey-245-NC3-6_S282_L001_R1_001_noPrimers.fastq.gz	72433	71232	70604	66679	66483	61717
Roey-246-NC3-7_S283_L001	Roey-246-NC3-7_S283_L001	Roey-246-NC3-7_S283_L001_R1_001_noPrimers.fastq.gz	72841	71460	70762	66723	66647	61887
Roey-247-NC3-8_S284_L001	Roey-247-NC3-8_S284_L001	Roey-247-NC3-8_S284_L001_R1_001_noPrimers.fastq.gz	68397	67200	66420	58257	58217	46699
Roey-248-NC3-9_S285_L001	Roey-248-NC3-9_S285_L001	Roey-248-NC3-9_S285_L001_R1_001_noPrimers.fastq.gz	60305	59324	58560	51806	51788	42257
Roey-249-NC3-10_S286_L001	Roey-249-NC3-10_S286_L001	Roey-249-NC3-10_S286_L001_R1_001_noPrimers.fastq.gz	64691	63619	62922	57199	57162	49799
Roey-250-NC3-11_S287_L001	Roey-250-NC3-11_S287_L001	Roey-250-NC3-11_S287_L001_R1_001_noPrimers.fastq.gz	62619	61507	60635	53877	53700	46794
Roey-251-NC3-12_S288_L001	Roey-251-NC3-12_S288_L001	Roey-251-NC3-12_S288_L001_R1_001_noPrimers.fastq.gz	61730	60644	59964	55078	54849	49803
Roey-252-NC3-13_S289_L001	Roey-252-NC3-13_S289_L001	Roey-252-NC3-13_S289_L001_R1_001_noPrimers.fastq.gz	64528	63380	62641	58020	57705	52883
Roey-253-NC3-14_S290_L001	Roey-253-NC3-14_S290_L001	Roey-253-NC3-14_S290_L001_R1_001_noPrimers.fastq.gz	65836	64642	63992	60999	60627	58005
Roey-254-NC3-15_S291_L001	Roey-254-NC3-15_S291_L001	Roey-254-NC3-15_S291_L001_R1_001_noPrimers.fastq.gz	64899	63823	63388	60590	60219	58324
Roey-255-NC3-16_S292_L001	Roey-255-NC3-16_S292_L001	Roey-255-NC3-16_S292_L001_R1_001_noPrimers.fastq.gz	1863	1754	1694	1011	1006	977
Roey-256-NC5-5_S293_L001	Roey-256-NC5-5_S293_L001	Roey-256-NC5-5_S293_L001_R1_001_noPrimers.fastq.gz	74423	73223	72252	70213	70114	67508
Roey-257-NC5-6_S294_L001	Roey-257-NC5-6_S294_L001	Roey-257-NC5-6_S294_L001_R1_001_noPrimers.fastq.gz	62193	61211	60669	58431	58358	55984
Roey-258-NC5-7_S295_L001	Roey-258-NC5-7_S295_L001	Roey-258-NC5-7_S295_L001_R1_001_noPrimers.fastq.gz	66566	65012	64344	61201	61080	56863
Roey-259-NC5-8_S296_L001	Roey-259-NC5-8_S296_L001	Roey-259-NC5-8_S296_L001_R1_001_noPrimers.fastq.gz	73549	72276	71486	67135	67083	61231
Roey-260-NC5-9_S297_L001	Roey-260-NC5-9_S297_L001	Roey-260-NC5-9_S297_L001_R1_001_noPrimers.fastq.gz	63823	62720	62040	56946	56870	49540
Roey-261-NC5-10_S298_L001	Roey-261-NC5-10_S298_L001	Roey-261-NC5-10_S298_L001_R1_001_noPrimers.fastq.gz	64402	63159	62625	61022	60980	58454
Roey-262-NC5-11_S299_L001	Roey-262-NC5-11_S299_L001	Roey-262-NC5-11_S299_L001_R1_001_noPrimers.fastq.gz	60772	59671	58980	53343	53298	44373
Roey-263-NC5-12_S300_L001	Roey-263-NC5-12_S300_L001	Roey-263-NC5-12_S300_L001_R1_001_noPrimers.fastq.gz	74340	72757	71915	64738	64500	50108
Roey-264-NC5-13_S301_L001	Roey-264-NC5-13_S301_L001	Roey-264-NC5-13_S301_L001_R1_001_noPrimers.fastq.gz	61132	60047	59346	52628	52536	40599
Roey-265-NC5-14_S302_L001	Roey-265-NC5-14_S302_L001	Roey-265-NC5-14_S302_L001_R1_001_noPrimers.fastq.gz	55996	54920	54104	46697	46643	35081
Roey-266-NC5-15_S303_L001	Roey-266-NC5-15_S303_L001	Roey-266-NC5-15_S303_L001_R1_001_noPrimers.fastq.gz	66881	65598	64710	55675	55664	43661
Roey-267-NC5-16_S304_L001	Roey-267-NC5-16_S304_L001	Roey-267-NC5-16_S304_L001_R1_001_noPrimers.fastq.gz	70170	68894	68214	61668	61618	49847
Roey-268-NC5-17_S305_L001	Roey-268-NC5-17_S305_L001	Roey-268-NC5-17_S305_L001_R1_001_noPrimers.fastq.gz	32802	32225	31893	29973	29905	28412
Roey-269-NC5-18_S306_L001	Roey-269-NC5-18_S306_L001	Roey-269-NC5-18_S306_L001_R1_001_noPrimers.fastq.gz	61029	60035	59360	57116	57093	55016
Roey-270-NC5-19_S307_L001	Roey-270-NC5-19_S307_L001	Roey-270-NC5-19_S307_L001_R1_001_noPrimers.fastq.gz	60439	59317	58747	54721	54687	50363
Roey-271-NC8-5_S308_L001	Roey-271-NC8-5_S308_L001	Roey-271-NC8-5_S308_L001_R1_001_noPrimers.fastq.gz	57702	56442	55924	51604	51555	48189
Roey-272-NC8-6_S309_L001	Roey-272-NC8-6_S309_L001	Roey-272-NC8-6_S309_L001_R1_001_noPrimers.fastq.gz	62691	61490	60827	56008	55937	51621
Roey-273-NC8-7_S310_L001	Roey-273-NC8-7_S310_L001	Roey-273-NC8-7_S310_L001_R1_001_noPrimers.fastq.gz	53243	52185	51598	47776	47744	43704
Roey-274-NC8-8_S311_L001	Roey-274-NC8-8_S311_L001	Roey-274-NC8-8_S311_L001_R1_001_noPrimers.fastq.gz	58146	56984	56169	49782	49672	41741
Roey-275-NC8-9_S312_L001	Roey-275-NC8-9_S312_L001	Roey-275-NC8-9_S312_L001_R1_001_noPrimers.fastq.gz	57394	56335	55579	49589	49567	41152
Roey-276-NC8-10_S313_L001	Roey-276-NC8-10_S313_L001	Roey-276-NC8-10_S313_L001_R1_001_noPrimers.fastq.gz	61376	60153	59492	55754	55749	50189
Roey-277-NC8-11_S314_L001	Roey-277-NC8-11_S314_L001	Roey-277-NC8-11_S314_L001_R1_001_noPrimers.fastq.gz	67428	66204	65278	58852	58827	46645
Roey-278-NC8-12_S315_L001	Roey-278-NC8-12_S315_L001	Roey-278-NC8-12_S315_L001_R1_001_noPrimers.fastq.gz	69497	68282	67624	62106	62075	50257
Roey-279-NC8-13_S316_L001	Roey-279-NC8-13_S316_L001	Roey-279-NC8-13_S316_L001_R1_001_noPrimers.fastq.gz	81283	79977	79274	74842	74829	68939
Roey-280-NC8-14_S317_L001	Roey-280-NC8-14_S317_L001	Roey-280-NC8-14_S317_L001_R1_001_noPrimers.fastq.gz	72390	71145	70510	65216	65195	52622
Roey-281-NC8-15_S318_L001	Roey-281-NC8-15_S318_L001	Roey-281-NC8-15_S318_L001_R1_001_noPrimers.fastq.gz	57164	56186	55566	50141	50126	39118
Roey-282-NC8-16_S319_L001	Roey-282-NC8-16_S319_L001	Roey-282-NC8-16_S319_L001_R1_001_noPrimers.fastq.gz	58708	57598	56729	48885	48748	36265
Roey-283-NC8-17_S320_L001	Roey-283-NC8-17_S320_L001	Roey-283-NC8-17_S320_L001_R1_001_noPrimers.fastq.gz	62250	61004	60191	52895	52827	40207
Roey-284-NC8-18_S321_L001	Roey-284-NC8-18_S321_L001	Roey-284-NC8-18_S321_L001_R1_001_noPrimers.fastq.gz	65920	64508	63910	58161	58143	47464
Roey-285-NC8-19_S322_L001	Roey-285-NC8-19_S322_L001	Roey-285-NC8-19_S322_L001_R1_001_noPrimers.fastq.gz	60713	59632	59062	55124	55118	49073
Roey-286-NC10-4_S323_L001	Roey-286-NC10-4_S323_L001	Roey-286-NC10-4_S323_L001_R1_001_noPrimers.fastq.gz	70183	68756	68077	64091	63894	59800
Roey-287-NC10-5_S324_L001	Roey-287-NC10-5_S324_L001	Roey-287-NC10-5_S324_L001_R1_001_noPrimers.fastq.gz	58412	57083	56294	51390	51299	45989
Roey-288-NC10-6_S325_L001	Roey-288-NC10-6_S325_L001	Roey-288-NC10-6_S325_L001_R1_001_noPrimers.fastq.gz	56031	54878	54226	49243	49135	43330
Roey-289-NC10-7_S97_L001	Roey-289-NC10-7_S97_L001	Roey-289-NC10-7_S97_L001_R1_001_noPrimers.fastq.gz	61789	60706	59986	54107	53990	46641
Roey-290-NC10-8_S98_L001	Roey-290-NC10-8_S98_L001	Roey-290-NC10-8_S98_L001_R1_001_noPrimers.fastq.gz	10614	10420	10249	9259	9248	8521
Roey-291-NC10-9_S99_L001	Roey-291-NC10-9_S99_L001	Roey-291-NC10-9_S99_L001_R1_001_noPrimers.fastq.gz	42844	42089	41631	37483	37474	32076
Roey-292-NC10-10_S100_L001	Roey-292-NC10-10_S100_L001	Roey-292-NC10-10_S100_L001_R1_001_noPrimers.fastq.gz	60774	59692	59060	55394	55358	49924
Roey-293-NC10-11_S101_L001	Roey-293-NC10-11_S101_L001	Roey-293-NC10-11_S101_L001_R1_001_noPrimers.fastq.gz	62044	60986	60345	56127	56119	49514
Roey-294-NC10-12_S102_L001	Roey-294-NC10-12_S102_L001	Roey-294-NC10-12_S102_L001_R1_001_noPrimers.fastq.gz	58835	57733	57035	54231	54222	50278
Roey-295-NC10-13_S103_L001	Roey-295-NC10-13_S103_L001	Roey-295-NC10-13_S103_L001_R1_001_noPrimers.fastq.gz	58708	57660	57006	54192	54174	50513
Roey-296-NC10-14_S104_L001	Roey-296-NC10-14_S104_L001	Roey-296-NC10-14_S104_L001_R1_001_noPrimers.fastq.gz	47023	46267	45791	43423	43409	40409
Roey-297-NC10-15_S105_L001	Roey-297-NC10-15_S105_L001	Roey-297-NC10-15_S105_L001_R1_001_noPrimers.fastq.gz	54998	54003	53344	50787	50771	47601
Roey-298-NC10-16_S106_L001	Roey-298-NC10-16_S106_L001	Roey-298-NC10-16_S106_L001_R1_001_noPrimers.fastq.gz	65979	64865	64123	57018	57005	46489
Roey-299-NC10-17_S107_L001	Roey-299-NC10-17_S107_L001	Roey-299-NC10-17_S107_L001_R1_001_noPrimers.fastq.gz	53749	52790	52151	46695	46687	38714
Roey-300-NC10-18_S108_L001	Roey-300-NC10-18_S108_L001	Roey-300-NC10-18_S108_L001_R1_001_noPrimers.fastq.gz	53766	52777	52010	48181	48174	41618
Roey-301-NC12-4_S109_L001	Roey-301-NC12-4_S109_L001	Roey-301-NC12-4_S109_L001_R1_001_noPrimers.fastq.gz	62097	60998	60476	58893	58846	56846
Roey-302-NC12-5_S110_L001	Roey-302-NC12-5_S110_L001	Roey-302-NC12-5_S110_L001_R1_001_noPrimers.fastq.gz	68124	66989	66479	64378	64345	61932
Roey-303-NC12-6_S111_L001	Roey-303-NC12-6_S111_L001	Roey-303-NC12-6_S111_L001_R1_001_noPrimers.fastq.gz	65815	64633	64088	62204	62169	60172
Roey-304-NC12-7_S112_L001	Roey-304-NC12-7_S112_L001	Roey-304-NC12-7_S112_L001_R1_001_noPrimers.fastq.gz	60496	59516	58967	57141	57117	54857
Roey-305-NC12-8_S113_L001	Roey-305-NC12-8_S113_L001	Roey-305-NC12-8_S113_L001_R1_001_noPrimers.fastq.gz	57340	56271	55710	53193	53166	50248
Roey-306-NC12-9_S114_L001	Roey-306-NC12-9_S114_L001	Roey-306-NC12-9_S114_L001_R1_001_noPrimers.fastq.gz	69930	68520	67667	64002	63980	58716
Roey-307-NC12-10_S115_L001	Roey-307-NC12-10_S115_L001	Roey-307-NC12-10_S115_L001_R1_001_noPrimers.fastq.gz	68605	67376	66763	63451	63437	58547
Roey-308-NC12-11_S116_L001	Roey-308-NC12-11_S116_L001	Roey-308-NC12-11_S116_L001_R1_001_noPrimers.fastq.gz	74607	73101	72205	68141	68131	61741
Roey-309-NC12-12_S117_L001	Roey-309-NC12-12_S117_L001	Roey-309-NC12-12_S117_L001_R1_001_noPrimers.fastq.gz	66373	65064	64178	60597	60587	55224
Roey-310-NC12-13_S118_L001	Roey-310-NC12-13_S118_L001	Roey-310-NC12-13_S118_L001_R1_001_noPrimers.fastq.gz	82145	80518	79727	76278	76255	71245
Roey-311-NC12-14_S119_L001	Roey-311-NC12-14_S119_L001	Roey-311-NC12-14_S119_L001_R1_001_noPrimers.fastq.gz	61653	60556	59995	57445	57444	53696
Roey-312-NC12-15_S120_L001	Roey-312-NC12-15_S120_L001	Roey-312-NC12-15_S120_L001_R1_001_noPrimers.fastq.gz	60883	59723	59131	57210	57202	54971
Roey-313-NC12-16_S121_L001	Roey-313-NC12-16_S121_L001	Roey-313-NC12-16_S121_L001_R1_001_noPrimers.fastq.gz	59265	58132	57541	55829	55821	53843
Roey-314-NC12-17_S122_L001	Roey-314-NC12-17_S122_L001	Roey-314-NC12-17_S122_L001_R1_001_noPrimers.fastq.gz	52032	51045	50536	48715	48712	46764
Roey-315-NC12-18_S123_L001	Roey-315-NC12-18_S123_L001	Roey-315-NC12-18_S123_L001_R1_001_noPrimers.fastq.gz	58128	57090	56497	55098	55096	53523
Roey-316-Mock-NC_S124_L001	Roey-316-Mock-NC_S124_L001	Roey-316-Mock-NC_S124_L001_R1_001_noPrimers.fastq.gz	63980	62982	62886	62692	62688	60841
Roey-317-SIP-1-NC_S125_L001	Roey-317-SIP-1-NC_S125_L001	Roey-317-SIP-1-NC_S125_L001_R1_001_noPrimers.fastq.gz	30934	27285	27141	16608	16608	9974
Roey-318-SIP-2-NC_S126_L001	Roey-318-SIP-2-NC_S126_L001	Roey-318-SIP-2-NC_S126_L001_R1_001_noPrimers.fastq.gz	25494	22932	22875	9547	9547	6899
Roey-319-28X-NC_S127_L001	Roey-319-28X-NC_S127_L001	Roey-319-28X-NC_S127_L001_R1_001_noPrimers.fastq.gz	58582	57472	57000	54700	54084	52849
Roey-320-30X-NC_S128_L001	Roey-320-30X-NC_S128_L001	Roey-320-30X-NC_S128_L001_R1_001_noPrimers.fastq.gz	37404	32975	32638	11748	11748	10228
Roey-321-32X-NC_S129_L001	Roey-321-32X-NC_S129_L001	Roey-321-32X-NC_S129_L001_R1_001_noPrimers.fastq.gz	11808	10286	10107	2866	2866	2747
Roey001-AP3-14_S153_L001	Roey001-AP3-14_S153_L001	Roey001-AP3-14_S153_L001_R1_001_noPrimers.fastq.gz	62826	62144	61557	56158	56125	50346
Roey002-AP5-18_S154_L001	Roey002-AP5-18_S154_L001	Roey002-AP5-18_S154_L001_R1_001_noPrimers.fastq.gz	49579	49042	48725	45539	45529	42815
Roey003-AP9-15_S155_L001	Roey003-AP9-15_S155_L001	Roey003-AP9-15_S155_L001_R1_001_noPrimers.fastq.gz	50899	50364	50085	47186	47176	44342
Roey004-AP12-3_S156_L001	Roey004-AP12-3_S156_L001	Roey004-AP12-3_S156_L001_R1_001_noPrimers.fastq.gz	30269	29899	29528	28115	27902	27228
Roey005-AP12-4_S157_L001	Roey005-AP12-4_S157_L001	Roey005-AP12-4_S157_L001_R1_001_noPrimers.fastq.gz	35841	35393	35007	33223	32694	31843
Roey006-AP12-5_S158_L001	Roey006-AP12-5_S158_L001	Roey006-AP12-5_S158_L001_R1_001_noPrimers.fastq.gz	27425	27103	26821	25861	25650	25013
Roey007-AP12-6_S159_L001	Roey007-AP12-6_S159_L001	Roey007-AP12-6_S159_L001_R1_001_noPrimers.fastq.gz	56305	55644	55235	51777	51316	48084
Roey008-AP12-7_S160_L001	Roey008-AP12-7_S160_L001	Roey008-AP12-7_S160_L001_R1_001_noPrimers.fastq.gz	47837	47278	46898	44232	44002	41799
Roey009-AP12-8_S161_L001	Roey009-AP12-8_S161_L001	Roey009-AP12-8_S161_L001_R1_001_noPrimers.fastq.gz	44821	44287	43935	41088	40938	38461
Roey010-AP12-9_S162_L001	Roey010-AP12-9_S162_L001	Roey010-AP12-9_S162_L001_R1_001_noPrimers.fastq.gz	50545	49935	49599	46711	46613	43673
Roey011-AP12-10_S163_L001	Roey011-AP12-10_S163_L001	Roey011-AP12-10_S163_L001_R1_001_noPrimers.fastq.gz	47321	46853	46573	43965	43904	41193
Roey012-AP12-12_S164_L001	Roey012-AP12-12_S164_L001	Roey012-AP12-12_S164_L001_R1_001_noPrimers.fastq.gz	65750	64970	64452	58814	58783	51570
Roey013-AC3-5_S165_L001	Roey013-AC3-5_S165_L001	Roey013-AC3-5_S165_L001_R1_001_noPrimers.fastq.gz	6171	6063	6013	5562	5538	5186
Roey014-AC11-7_S166_L001	Roey014-AC11-7_S166_L001	Roey014-AC11-7_S166_L001_R1_001_noPrimers.fastq.gz	42642	42176	41901	40420	40379	38998
Roey015-NP7-4_S167_L001	Roey015-NP7-4_S167_L001	Roey015-NP7-4_S167_L001_R1_001_noPrimers.fastq.gz	14626	14470	14270	13760	13726	11308
Roey016-NP7-5_S168_L001	Roey016-NP7-5_S168_L001	Roey016-NP7-5_S168_L001_R1_001_noPrimers.fastq.gz	142	138	118	97	97	91
Roey017-NP7-14_S169_L001	Roey017-NP7-14_S169_L001	Roey017-NP7-14_S169_L001_R1_001_noPrimers.fastq.gz	34305	33923	33738	32647	32634	31656
Roey018-NC3-16_S170_L001	Roey018-NC3-16_S170_L001	Roey018-NC3-16_S170_L001_R1_001_noPrimers.fastq.gz	49183	48564	48328	46270	46267	42338
Roey019-NC10-8_S171_L001	Roey019-NC10-8_S171_L001	Roey019-NC10-8_S171_L001_R1_001_noPrimers.fastq.gz	47514	46855	46560	44557	44538	41576
Roey020-NTC-CUE_S172_L001	Roey020-NTC-CUE_S172_L001	Roey020-NTC-CUE_S172_L001_R1_001_noPrimers.fastq.gz	595	573	550	422	422	379
Roey021-AP1-0_S173_L001	Roey021-AP1-0_S173_L001	Roey021-AP1-0_S173_L001_R1_001_noPrimers.fastq.gz	48551	48023	47518	42895	42879	38734
Roey022-NP1-0_S174_L001	Roey022-NP1-0_S174_L001	Roey022-NP1-0_S174_L001_R1_001_noPrimers.fastq.gz	47918	47343	46924	43444	43396	39133
Roey023-AC1-0_S175_L001	Roey023-AC1-0_S175_L001	Roey023-AC1-0_S175_L001_R1_001_noPrimers.fastq.gz	52422	51684	51189	46836	46821	41601
Roey024-NTC-0_S176_L001	Roey024-NTC-0_S176_L001	Roey024-NTC-0_S176_L001_R1_001_noPrimers.fastq.gz	53	52	32	27	27	27
